paper_row	paper	parent_row	parent	score	reference
2	CADTrack: Learning Contextual Aggregation with Deformable Alignment for Robust RGBT Tracking	25	CSTrack: Enhancing RGB-X Tracking via Compact Spatiotemporal Features	1.000	16881. J.; Han, J.; and Liu, S. 2023. Bridging Search Region Inter- Cao, B.; Guo, J.; Zhu, P.; and Hu, Q. 2024. Bi-directional action With Template for RGBT Tracking. In CVPR, 13630– Adapter for Multimodal Tracking. In AAAI, volume 38, 13639. 927–935. Lai, S.; Liu, C.; Zhu, J.; Kang, B.; Liu, Y.; Wang, D.; and Lu, Chen, Y.; and Wang, L. 2025. eMoE-Tracker: Environmen- H. 2025. MambaVT: Spatio-temporal Contextual Modeling tal MoE-Based Transformer for Robust Event-Guided Ob- for Robust RGBT Track
2	CADTrack: Learning Contextual Aggregation with Deformable Alignment for Robust RGBT Tracking	86	Prompting for multi-modal tracking	1.000	5801. IJCV, 132(7): 2698–2712. Lu, A.; Zhao, J.; Li, C.; Xiao, Y.; and Luo, B. 2024. Break- Yang, J.; Li, Z.; Zheng, F.; Leonardis, A.; and Song, J. 2022. ing Modality Gap in RGBT Tracking: Coupled Knowledge Prompting for Multi-modal Tracking. In ACM MM, 3492– Distillation. In ACM MM, 9291–9300. 3500. Shao, Z.; Hu, Y.; Fan, B.; and Liu, H. 2025. PURA: Parame- Ye, B.; Chang, H.; Ma, B.; Shan, S.; and Chen, X. 2022. ter Update-Recovery Test-Time Adaption for RGBT Track- Joint Feature Learning and 
2	CADTrack: Learning Contextual Aggregation with Deformable Alignment for Robust RGBT Tracking	52	AMNet: Learning to align multi-modality for RGB-T tracking	1.000	2024. Generative-based Fusion Mechanism for Multi-modal Zhang, T.; Guo, H.; Jiao, Q.; Zhang, Q.; and Han, J. 2023. Tracking. In AAAI, volume 38, 5189–5197. Efficient RGB-T Tracking via Cross-modality Distillation. Tang, Z.; Xu, T.; Wu, X.-J.; Zhu, X.; Cheng, C.; Feng, Z.; In CVPR, 5404–5413. and Kittler, J. 2025. Revisiting rgbt tracking benchmarks Zhang, T.; He, X.; Jiao, Q.; Zhang, Q.; and Han, J. 2024. from the perspective of modality validity: A new bench- AMNet: Learning to Align Multi-moda
2	CADTrack: Learning Contextual Aggregation with Deformable Alignment for Robust RGBT Tracking	41	Temporal adaptive rgbt tracking with modality prompt	1.000	2024. Temporal Adaptive RGBT Tracking with Modality object tracking. PR, 155: 110543. Prompt. In AAAI, volume 38, 5436–5444. Zhu, X.-F.; Xu, T.; Liu, Z.; Tang, Z.; Wu, X.-J.; and Kittler, Wu, Q.; Yang, T.; Liu, Z.; Wu, B.; Shan, Y.; and Chan, J. 2024b. UniMod1K: Towards a more universal large-scale A. B. 2023. DropMAE: Masked Autoencoders with Spatial- dataset and benchmark for multi-modal learning. IJCV, Attention Dropout for Tracking Tasks. In CVPR, 14561– 132(8): 2845–2860.
2	CADTrack: Learning Contextual Aggregation with Deformable Alignment for Robust RGBT Tracking	44	Single-Model and Any-Modality for Video Object Tracking	1.000	14571. Zhu, X.-F.; Xu, T.; Tang, Z.; Wu, Z.; Liu, H.; Yang, X.; Wu, Z.; Zheng, J.; Ren, X.; Vasluianu, F.-A.; Ma, C.; Paudel, Wu, X.-J.; and Kittler, J. 2023b. RGBD1K: A Large-scale D. P.; Gool, L. V.; and Timofte, R. 2024. Single-model and Dataset and Benchmark for RGB-D Object Tracking. In Any-modality for Video Object Tracking. In CVPR, 19156– AAAI, volume 37, 3870–3878.
2	CADTrack: Learning Contextual Aggregation with Deformable Alignment for Robust RGBT Tracking	83	Attribute-based progressive fusion network for rgbt tracking	1.000	Zhao, J. 2024. Unified Single-Stage Transformer Network Zhu, Z.; Zhong, B.; Liang, Q.; Yang, H.; Zheng, Y.; and Li, for Efficient RGB-T Tracking. In IJCAI, 1471–1479. N. 2025. Adaptive Expert Decision for RGB-T Tracking. IEEE TCSVT, 35(10): 10330–10338. Xia, Z.; Pan, X.; Song, S.; Li, L. E.; and Huang, G. 2022. Vision Transformer with Deformable Attention. In CVPR, 4794–4803. Xiao, Y.; Yang, M.; Li, C.; Liu, L.; and Tang, J. 2022. Attribute-based Progressive Fusion Network for RGBT Tracking. In 
4	Group Orthogonal Low-Rank Adaptation for RGB-T Tracking	39	Bi-directional adapter for multimodal tracking	1.000	Weighted sparse representation regularized graph learning Bradley, P.; Bennett, K.; and Demiriz, A. 2000. Constrained for RGB-T object tracking. In ACM MM, 1856–1864. K-Means Clustering. Li, D.; Ma, Y.; Wang, N.; Cheng, Z.; Duan, L.; Zuo, J.; Yang, Cao, B.; Guo, J.; Zhu, P.; and Hu, Q. 2024. Bi-directional C.; and Tang, M. 2024. MixLoRA: Enhancing Large Lan- adapter for multimodal tracking. In AAAI, volume 38, 927– guage Models Fine-Tuning with LoRA based Mixture of Ex-
4	Group Orthogonal Low-Rank Adaptation for RGB-T Tracking	20	SUTrack: Towards simple and unified single object tracking	1.000	935. perts. CoRR. Chen, X.; Kang, B.; Geng, W.; Zhu, J.; Liu, Y.; Wang, D.; Li, X. L.; and Liang, P. 2021. Prefix-Tuning: Optimizing and Lu, H. 2025. Sutrack: Towards simple and unified single Continuous Prompts for Generation. In ACL, 4582–4597. object tracking. In AAAI, volume 39, 2239–2247. Lin, L.; Fan, H.; Zhang, Z.; Wang, Y.; Xu, Y.; and Ling, H. Chen, X.; Kang, B.; Zhu, J.; Wang, D.; Peng, H.; and Lu, H.
4	Group Orthogonal Low-Rank Adaptation for RGB-T Tracking	44	Single-Model and Any-Modality for Video Object Tracking	1.000	13639. Sun, D.; Pan, Y.; Lu, A.; Li, C.; and Luo, B. 2024. Trans- Jia, M.; Tang, L.; Chen, B.-C.; Cardie, C.; Belongie, S.; Har- former RGBT Tracking With Spatio-Temporal Multimodal iharan, B.; and Lim, S.-N. 2022. Visual prompt tuning. In Tokens. TCSVT, 34(11 Part 2): 12059–12072. ECCV, 709–727. Springer. Tian, C.; Shi, Z.; Guo, Z.; Li, L.; and Xu, C.-Z. 2024. Hy- Jie, S.; Deng, Z.-H.; Chen, S.; and Jin, Z. 2024. Convolu- dralora: An asymmetric lora architecture for efficient fine- tional bypas
5	Semantic Feature Purification for Adversarially-Aware RGB-T Tracking	87	LasHeR: A large-scale high-diversity benchmark for RGBT tracking	1.000	Kingma, D. P. 2014. Adam: A method for stochastic opti- mization. arXiv preprint arXiv:1412.6980. Athalye, A.; Carlini, N.; and Wagner, D. 2018. Obfuscated gradients give a false sense of security: Circumventing de- Laykaviriyakul, P.; and Phaisangittisagul, E. 2023. Collab- fenses to adversarial examples. In Proc. of ICML. orative Defense-GAN for protecting adversarial attacks on classification system. Expert Systems with Applications. Attias, I.; Kontorovich, A.; and Mansour, Y. 2022. Im- Li, 
5	Semantic Feature Purification for Adversarially-Aware RGB-T Tracking	72	Exploring fusion strategies for accurate RGBT visual object tracking	1.000	18. shrinking attack: Blinding the tracker with imperceptible Schlarmann, C.; and Hein, M. 2023. On the adversarial noises. In Proc. of CVPR. robustness of multi-modal foundation models. In Proc. of Yan, S.; Yang, J.; Käpylä, J.; Zheng, F.; Leonardis, A.; and ICCV. Kämäräinen, J.-K. 2021. Depthtrack: Unveiling the power Shao, Z.; Hu, Y.; Fan, B.; and Liu, H. 2025. PURA: Pa- of rgbd tracking. In Proc. of ICCV. rameter Update-Recovery Test-Time Adaption for RGB-T Ye, B.; Chang, H.; Ma, B.; Sh
6	Tracking and Segmenting Anything in Any Modality	25	CSTrack: Enhancing RGB-X Tracking via Compact Spatiotemporal Features	1.000	Cheng, H. K.; et al. 2021. Rethinking space-time networks with 2022. LasHeR: A Large-Scale High-Diversity Benchmark for improved memory coverage for efficient video object segmenta- RGBT Tracking. IEEE TIP, 31: 392–404. tion. NeurIPS, 34: 11781–11794. Li, H.; Wang, J.; Yuan, J.; Li, Y.; Weng, W.; Peng, Y.; Zhang, Y.; Cho, S.; Lee, H.; et al. 2022. Tackling background distraction in Xiong, Z.; and Sun, X. 2024b. Event-assisted low-light video ob- video object segmentation. In ECCV, 446–462. Sprin
6	Tracking and Segmenting Anything in Any Modality	28	XTrack: Multimodal Training Boosts RGB-X Video Object Trackers	1.000	2022. Learning dual-fused modality-aware representations for rgbd 2024. Diffmot: A real-time diffusion-based multiple object tracker tracking. In ECCV, 478–494. with non-linear prediction. In CVPR, 19321–19330. Gao, S.; Zhou, C.; and Zhang, J. 2023. Generalized relation mod- Ma, F.; Shou, M. Z.; et al. 2022. Unified transformer tracker for eling for transformer tracking. In CVPR, 18686–18695. object tracking. In CVPR, 8781–8790. Guo, M.; Tan, W.; Ran, W.; Jing, L.; and Zhang, Z. 2025. Dream- May
7	Unaligned UAV RGBT Tracking: A Large-scale Benchmark and a Novel Approach	20	SUTrack: Towards simple and unified single object tracking	1.000	Benchmark, U. 2016. A benchmark and simulator for uav tracking. In European Conference on Computer Vision, vol- Li, C.; Xue, W.; Jia, Y.; Qu, Z.; Luo, B.; Tang, J.; and Sun, D. ume 7, 445–461. 2021. LasHeR: A large-scale high-diversity benchmark for RGBT tracking. IEEE Transactions on Image Processing, Cao, B.; Guo, J.; Zhu, P.; and Hu, Q. 2024. Bi-directional 31: 392–404. adapter for multimodal tracking. In Proceedings of the AAAI Conference on Artificial Intelligence, volume 38, 927–935. Li, C
7	Unaligned UAV RGBT Tracking: A Large-scale Benchmark and a Novel Approach	70	Visual prompt multi-modal tracking	1.000	2022. Reconet: Recurrent correction network for fast and Shi, H.; Mu, X.; He, H.; Zhong, C.; Zhang, B.; and Zhao, efficient multi-modality image fusion. In European confer- P. 2025. IAMTrack: interframe appearance and modality to- ence on computer Vision, 539–555. Springer. kens propagation with temporal modeling for RGBT track- Hui, T.; Xun, Z.; Peng, F.; Huang, J.; Wei, X.; Wei, X.; Dai, ing. Applied Intelligence, 55: 583. J.; Han, J.; and Liu, S. 2023. Bridging search region inter- Tang, L.; 
7	Unaligned UAV RGBT Tracking: A Large-scale Benchmark and a Novel Approach	33	UniRTL: A universal RGBT and low-light benchmark for object tracking	1.000	2024. Improving RGB-infrared object detection with cas- cade alignment-guided transformer. Information Fusion, 105: 102246. Zhang, L.; Danelljan, M.; Gonzalez-Garcia, A.; Van De Wei- jer, J.; and Shahbaz Khan, F. 2019. Multi-modal fusion for end-to-end RGB-T tracking. In Proceedings of the IEEE/CVF International Conference on Computer Vision Workshops, 2252–2261. Zhang, L.; Wang, L.; Wu, Y.; Chen, M.; Zheng, D.; Cao, L.; Zeng, B.; and Cai, Y. 2025. UniRTL: A universal RGBT and low-light benchmar
14	UTPTrack: Towards Simple and Unified Token Pruning for Visual Tracking	42	Onetracker: Unifying visual object tracking with foundation models and efficient tuning	1.000	[13] Lingyi Hong, Shilin Yan, Renrui Zhang, Wanyun Li, Xinyu Zhang, Christoph Feichtenhofer, and Judy Hoffman. To- Zhou, Pinxue Guo, Kaixun Jiang, Yiting Chen, Jinglun Li, ken merging: Your vit but faster. arXiv preprint Zhaoyu Chen, et al. Onetracker: Unifying visual object arXiv:2210.09461, 2022. 2, 5 tracking with foundation models and efficient tuning. In Pro-
14	UTPTrack: Towards Simple and Unified Token Pruning for Visual Tracking	36	Adaptive Perception for Unified Visual Multi-modal Object Tracking	1.000	[15] Xiantao Hu, Bineng Zhong, Qihua Liang, Liangtao Shi, the IEEE/CVF conference on computer vision and pattern Zhiyi Mo, Ying Tai, and Jian Yang. Adaptive perception recognition, pages 8126–8135, 2021. 1 for unified visual multi-modal object tracking. IEEE Trans-
14	UTPTrack: Towards Simple and Unified Token Pruning for Visual Tracking	87	LasHeR: A large-scale high-diversity benchmark for RGBT tracking	1.000	[10] Heng Fan, Hexin Bai, Liting Lin, Fan Yang, Peng Chu, Tang. Rgb-t object tracking: Benchmark and baseline. Pat- Ge Deng, Sijia Yu, Harshit, Mingzhen Huang, Juehuan Liu, tern Recognition, 96:106977, 2019. 1 et al. Lasot: A high-quality large-scale single object tracking [22] Chenglong Li, Wanlin Xue, Yaqing Jia, Zhichen Qu, Bin benchmark. International Journal of Computer Vision, 129: Luo, Jin Tang, and Dengdi Sun. Lasher: A large-scale high- 439–461, 2021. 1 diversity benchmark for rgbt trac
14	UTPTrack: Towards Simple and Unified Token Pruning for Visual Tracking	53	EMTrack: Efficient Multimodal Object Tracking	1.000	[28] Chang Liu, Ziqi Guan, Simiao Lai, Yang Liu, Huchuan Lu, [40] Yifan Xu, Zhijie Zhang, Mengdan Zhang, Kekai Sheng, Ke and Dong Wang. Emtrack: Efficient multimodal object Li, Weiming Dong, Liqing Zhang, Changsheng Xu, and tracking. IEEE Transactions on Circuits and Systems for Xing Sun. Evo-vit: Slow-fast token evolution for dynamic Video Technology, 2024. 2 vision transformer. In Proceedings of the AAAI conference
14	UTPTrack: Towards Simple and Unified Token Pruning for Visual Tracking	70	Visual prompt multi-modal tracking	1.000	[45] Jiawen Zhu, Simiao Lai, Xin Chen, Dong Wang, and 8748–8763. PmLR, 2021. 3, 5 Huchuan Lu. Visual prompt multi-modal tracking. In Pro-
15	 Unified Multimodal Visual Tracking with Dual Mixture-of-Experts	34	Prototype-based cross-modal object tracking	1.000	Henriques, J. F., Caseiro, R., Martins, P., and Batista, J. D. Lasher: A large-scale high-diversity benchmark for High-speed tracking with kernelized correlation filters. rgbt tracking. IEEE Transactions on Image Processing, IEEE transactions on pattern analysis and machine intel- 31:392–404, 2021. ligence, 37(3):583–596, 2014. Li, Z., Tao, R., Gavves, E., Snoek, C. G., and Smeulders, Hong, L., Li, J., Zhou, X., Yan, S., Guo, P., Jiang, K., Chen, A. W. Tracking by natural language specification.
16	CAFormer: Cross-modulated Attention Transformer for RGBT Tracking	39	Bi-directional adapter for multimodal tracking	1.000	Visual Object Tracking. In Proceedings of IEEE Conference 巴，J. L.；基罗斯，J. R.；和 希顿，G. E. 2016。 议论文集</样式>。胡，沈；和孙，2018。 Ba, J. L.; Kiros, J. R.; and Hinton, G. E. 2016. Layer nor- on Computer Vision and Pattern Recognition. 层归一化。arXiv 预印本 arXiv:1607.06450。 Bing， Squeeze‑and‑excitation网络。在<样式id='5'>IEEE malization. arXiv preprint arXiv:1607.06450. Hu, J.; Shen, L.; and Sun, G. 2018. Squeeze-and-excitation C.；俊良，G.；鹏飞，Z.；和 清华，H. 2024。双向适 计算机视觉与模式识别会议论文集</样式>，7132– Bing, C.; Junliang, G.; Pengfei, Z.; 
16	CAFormer: Cross-modulated Attention Transformer for RGBT Tracking	69	Efficient RGB-T tracking via cross-modality distillation	1.000	2021. Transformer tracking. In Proceedings of the IEEE thermal tracking. IEEE Transactions on Image Processing, Conference on Computer Vision and Pattern Recognition, 25(12): 5743–5756. 议论文集，8126–8135。 Cui，Y.；江，C.；王，L.； 踪：基准和基线。<样式id='11'>模式识别</样式>， 8126–8135. Li, C.; Liang, X.; Lu, Y.; Zhao, N.; and Tang, J. 2019a. RGB- 和 吴，G. 2022。Mixformer：迭代混合注意力端到端 96: 106977。李；刘；陆；纪；和唐，2020。挑战感知 Cui, Y.; Jiang, C.; Wang, L.; and Wu, G. 2022. Mixformer: T object tracking: Benchmark and baseline. Pattern Rec
16	CAFormer: Cross-modulated Attention Transformer for RGBT Tracking	70	Visual prompt multi-modal tracking	1.000	2024. 研究稀疏注意力对交叉编码器的影响. In欧洲信 Effects of Sparse Attention on Cross-Encoders. In European CDA: Complementarity-and distractor-aware RGB-T track- （Siam‑CDA）。《IEEE电路与系统视频技术汇刊》， Conference on Information Retrieval, 173–190. ing based on Siamese network. IEEE Transactions on Cir- 息检索会议, 173–190. Song, Z.; Luo, R.; Yu, J.; 32(3): 1403–1417页。周，Q.；石，H.；向，W.；康， Song, Z.; Luo, R.; Yu, J.; Chen, Y.-P. P.; and Yang, W. 2023. cuits and Systems for Video Technology, 32(3): 1403–1417. Chen, Y.‑P. P.; and Yang,
16	CAFormer: Cross-modulated Attention Transformer for RGBT Tracking	41	Temporal adaptive rgbt tracking with modality prompt	1.000	2024. Temporal Adaptive RGBT Tracking with Modality RGBT跟踪与模态提示. In AAAI人工智能会议论文集. 和 罗柏，B. 2020b年。用于鲁棒RGBT跟踪的质量感知特 Prompt. In Proceedings of the AAAI Conference on Artificial dia, 465–472. 征聚合网络。《IEEE智能汽车汇刊》，6(1): 121– 130页。 Wang, X.; Girshick, R.; Gupta, A.; and He, K. Intelligence. Zhu, Y.; Li, C.; Tang, J.; and Luo, B. 2020b. Quality- 朱，Y.；李，C.；唐，J.；罗，B.；和王，L. 2021年。基
17	Cross-Modal Stealth: A Coarse-to-Fine Attack Framework for RGB-T Tracker	76	Dual-modality space-time memory network for RGBT tracking	1.000	6718. Recognition, 27026–27035. Karras, T.; Laine, S.; Aittala, M.; Hellsten, J.; Lehtinen, J.; Zhang, F.; Peng, H.; Yu, L.; Zhao, Y.; and Chen, B. and Aila, T. 2020. Analyzing and improving the image qual- 2023. Dual-modality space-time memory network for ity of stylegan. In Proceedings of the IEEE Conference on RGBT tracking. IEEE Transactions on Instrumentation and Computer Vision and Pattern Recognition, 8110–8119. Measurement, 72: 1–12. Li, C.; Liang, X.; Lu, Y.; Zhao, N.; and Tang, J. 2019
18	Exploiting multimodal spatial-temporal patterns for video object tracking	39	Bi-directional adapter for multimodal tracking	1.000	Hou, X.; Xing, J.; Qian, Y.; Guo, Y.; Xin, S.; Chen, J.; Tang, An, X.; Zhao, L.; Gong, C.; Wang, N.; Wang, D.; and Yang, K.; Wang, M.; Jiang, Z.; Liu, L.; et al. 2024. Sdstrack: Self- J. 2024. SHaRPose: Sparse High-Resolution Representa- distillation symmetric adapter learning for multi-modal vi- tion for Human Pose Estimation. In AAAI, 691–699. AAAI sual object tracking. In CVPR, 26551–26561. Press. Hu, X.; Zhong, B.; Liang, Q.; Zhang, S.; Li, N.; and Li, X. Cao, B.; Guo, J.; Zhu, P.; and Hu, Q
18	Exploiting multimodal spatial-temporal patterns for video object tracking	55	Top-down cross-modal guidance for robust rgb-t tracking	1.000	935. Technology. Chen, L.; Zhong, B.; Liang, Q.; Zheng, Y.; Mo, Z.; and Song, Hu, X.; Zhong, B.; Liang, Q.; Zhang, S.; Li, N.; Li, X.; S. 2024. Top-down Cross-modal Guidance for Robust RGB- and Ji, R. 2024b. Transformer Tracking via Frequency T Tracking. IEEE Transactions on Circuits and Systems for Fusion. IEEE Trans. Circuits Syst. Video Technol., 34(2): Video Technology. 1020–1031. Chen, X.; Peng, H.; Wang, D.; Lu, H.; and Hu, H. 2023. Huang, L.; Zhao, X.; and Huang, K. 2021. GOT-10k: A SeqTr
18	Exploiting multimodal spatial-temporal patterns for video object tracking	100	Challenge-aware RGBT tracking	1.000	Li, X. 2022. SiamBAN: Target-aware tracking with Siamese A MLP-Based Point Cloud Classification Method with Lo- box adaptive network. IEEE Transactions on Pattern Anal- cal Topology Transformation Module. In 2023 7th Asian ysis and Machine Intelligence, 45(4): 5158–5173. Conference on Artificial Intelligence Technology (ACAIT), Cui, Y.; Jiang, C.; Wang, L.; and Wu, G. 2022. MixFormer: 783–789. IEEE. End-to-End Tracking with Iterative Mixed Attention. In Li, C.; Liu, L.; Lu, A.; Ji, Q.; and Tang,
18	Exploiting multimodal spatial-temporal patterns for video object tracking	86	Prompting for multi-modal tracking	1.000	Patro, B. N.; and Agneeswaran, V. S. 2024. Simba: Simpli- Yang, J.; Li, Z.; Zheng, F.; Leonardis, A.; and Song, J. 2022. fied mamba-based architecture for vision and multivariate Prompting for Multi-Modal Tracking. In ACM Multimedia, time series. arXiv preprint arXiv:2403.15360. 3492–3500. ACM. Rezatofighi, H.; Tsoi, N.; Gwak, J.; Sadeghian, A.; Reid, Ye, B.; Chang, H.; Ma, B.; Shan, S.; and Chen, X. 2022. I. D.; and Savarese, S. 2019. Generalized Intersection Over Joint Feature Learning and Rel
18	Exploiting multimodal spatial-temporal patterns for video object tracking	76	Dual-modality space-time memory network for RGBT tracking	1.000	2024. Explicit Visual Prompts for Visual Object Tracking. 2023. Dual-modality space-time memory network for In AAAI, 4838–4846. AAAI Press. RGBT tracking. IEEE Transactions on Instrumentation and Measurement, 72: 1–12. Song, Z.; Luo, R.; Yu, J.; Chen, Y. P.; and Yang, W. 2023. Compact Transformer Tracker with Correlative Masked Zhang, H.; Chen, S.; Luo, L.; and Yang, J. 2024a. Few-shot Modeling. In AAAI, 2321–2329. AAAI Press. learning with long-tailed labels. Pattern Recognition, 156: 110806. T
18	Exploiting multimodal spatial-temporal patterns for video object tracking	41	Temporal adaptive rgbt tracking with modality prompt	1.000	2024. Temporal Adaptive RGBT Tracking with Modality Prompt. In AAAI, 5436–5444. AAAI Press. Wei, X.; Bai, Y.; Zheng, Y.; Shi, D.; and Gong, Y. 2023. Au- toregressive Visual Tracking. In CVPR, 9697–9706. IEEE. Wu, Z.; Zheng, J.; Ren, X.; Vasluianu, F.-A.; Ma, C.; Paudel, D. P.; Van Gool, L.; and Timofte, R. 2024. Single-model and any-modality for video object tracking. In CVPR, 19156– 19166. Xiao, Y.; Yang, M.; Li, C.; Liu, L.; and Tang, J. 2022. Attribute-Based Progressive Fusion Network for RGB
19	RGBT Tracking via All-layer Multimodal Interactions with Progressive Fusion Mamba	39	Bi-directional adapter for multimodal tracking	1.000	2021. LasHeR: A large-scale high-diversity benchmark for RGBT tracking. IEEE Transactions on Image Processing, Bhat, G.; Danelljan, M.; Gool, L. V.; and Timofte, R. 2019. 31: 392–404. Learning discriminative model prediction for tracking. In Proceedings of the IEEE international conference on com- Li, C.; Zhao, N.; Lu, Y.; Zhu, C.; and Tang, J. 2017. puter vision, 6182–6191. Weighted sparse representation regularized graph learning for RGB-T object tracking. In Proceedings of ACM Interna- Cao, B
19	RGBT Tracking via All-layer Multimodal Interactions with Progressive Fusion Mamba	69	Efficient RGB-T tracking via cross-modality distillation	1.000	2024. MambaIR: A Simple Baseline for Image Restoration ing Modality Gap in RGBT Tracking: Coupled Knowledge with State-Space Model. In Proceedings of the IEEE Euro- Distillation. In Proceddings of ACM International Confer- pean Conference on Computer Vision. ence on Multimedia. Hong, L.; Yan, S.; Zhang, R.; Li, W.; Zhou, X.; Guo, P.; Mei, J.; Zhou, D.; Cao, J.; Nie, R.; and He, K. 2023. Dif- Jiang, K.; Chen, Y.; Li, J.; Chen, Z.; et al. 2024. Onetracker: ferential reinforcement and global collab
19	RGBT Tracking via All-layer Multimodal Interactions with Progressive Fusion Mamba	89	RGBT Tracking by Trident Fusion Network	1.000	2023. Dropmae: Masked autoencoders with spatial-attention ing, 62429–62442. dropout for tracking tasks. In Proceedings of the IEEE con- Zhu, Y.; Li, C.; Tang, J.; Luo, B.; and Wang, L. 2021. RGBT ference on computer vision and pattern recognition, 14561– tracking by trident fusion network. IEEE Transactions on
19	RGBT Tracking via All-layer Multimodal Interactions with Progressive Fusion Mamba	44	Single-Model and Any-Modality for Video Object Tracking	1.000	14571. Circuits and Systems for Video Technology, 32(2): 579–592. Wu, Z.; Zheng, J.; Ren, X.; Vasluianu, F.-A.; Ma, C.; Paudel, D. P.; Van Gool, L.; and Timofte, R. 2024. Single-model and any-modality for video object tracking. In Proceedings of the IEEE conference on computer vision and pattern recog- nition, 19156–19166. Xiao, Y.; Yang, M.; Li, C.; Liu, L.; and Tang, J. 2022. Attribute-based progressive fusion network for rgbt track- ing. In Proceedings of the AAAI Conference on Artificial Int
20	SUTrack: Towards simple and unified single object tracking	44	Single-Model and Any-Modality for Video Object Tracking	1.000	2021. Transformer Tracking. In CVPR. 2019a. SiamRPN++: Evolution of Siamese Visual Tracking Cui, Y.; Jiang, C.; Wang, L.; and Wu, G. 2022. MixFormer: with Very Deep Networks. In CVPR. End-to-End Tracking with Iterative Mixed Attention. In Li, B.; Yan, J.; Wu, W.; Zhu, Z.; and Hu, X. 2018. High CVPR. Performance Visual Tracking with Siamese Region Proposal Cui, Y.; Jiang, C.; Wang, L.; and Wu, G. 2024. MixFormer: Network. In CVPR. End-to-End Tracking with Iterative Mixed Attention. IEEE Li, C.; L
20	SUTrack: Towards simple and unified single object tracking	86	Prompting for multi-modal tracking	1.000	Ghanem, B. 2018. TrackingNet: A Large-Scale Dataset and Xu, Y.; Wang, Z.; Li, Z.; Yuan, Y.; and Yu, G. 2020. Benchmark for Object Tracking in the Wild. In ECCV. SiamFC++: Towards Robust and Accurate Visual Tracking with Target Estimation Guidelines. In AAAI. Nam, H.; and Han, B. 2016. Learning Multi-domain Convo- lutional Neural Networks for Visual Tracking. In CVPR. Yan, B.; Peng, H.; Fu, J.; Wang, D.; and Lu, H. 2021a. Learning Spatio-Temporal Transformer for Visual Tracking. Peng, L.; Gao, J.
22	ACAttack: Adaptive Cross Attacking RGB-T Tracker via Multi-Modal Response Decoupling	39	Bi-directional adapter for multimodal tracking	1.000	[3] Bing Cao, Junliang Guo, Pengfei Zhu, and Qinghua Hu. Bi- the IEEE International Conference on Acoustics, Speech and directional adapter for multimodal tracking. In Proceedings Signal Processing, pages 2739–2743, 2022. 2 of the AAAI Conference on Artificial Intelligence, pages 927– [16] Andong Lu, Chenglong Li, Yuqing Yan, Jin Tang, and Bin 935, 2024. 2, 5 Luo. Rgbt tracking via multi-adapter network with hierarchi-
22	ACAttack: Adaptive Cross Attacking RGB-T Tracker via Multi-Modal Response Decoupling	92	Duality-gated mutual condition network for RGBT tracking	1.000	[4] Xuesong Chen, Xiyu Yan, Feng Zheng, Yong Jiang, Shu- cal divergence loss. IEEE Transactions on Image Processing, Tao Xia, Yong Zhao, and Rongrong Ji. One-shot adversarial 30:5613–5625, 2021. 1 attacks on visual tracking with dual attention. In Proceed- [17] Andong Lu, Cun Qian, Chenglong Li, Jin Tang, and Liang ings of the IEEE Conference on Computer Vision and Pattern Wang. Duality-gated mutual condition network for rgbt Recognition, pages 10176–10185, 2020. 2 tracking. IEEE Transactions on
22	ACAttack: Adaptive Cross Attacking RGB-T Tracker via Multi-Modal Response Decoupling	83	Attribute-based progressive fusion network for rgbt tracking	1.000	[22] Yun Xiao, Mengmeng Yang, Chenglong Li, Lei Liu, and Jin physical attacks on single object tracking. In Proceedings of Tang. Attribute-based progressive fusion network for rgbt the AAAI Conference on Artificial Intelligence, pages 1236– tracking. In Proceedings of the AAAI Conference on Artifi- 1245, 2021. 2, 5 cial Intelligence, pages 2831–2838, 2022. 5
22	ACAttack: Adaptive Cross Attacking RGB-T Tracker via Multi-Modal Response Decoupling	76	Dual-modality space-time memory network for RGBT tracking	1.000	[27] Fan Zhang, Hanwei Peng, Lingli Yu, Yuqian Zhao, and Baifan Chen. Dual-modality space-time memory network for rgbt tracking. IEEE Transactions on Instrumentation and Measurement, 72:1–12, 2023. 2
22	ACAttack: Adaptive Cross Attacking RGB-T Tracker via Multi-Modal Response Decoupling	70	Visual prompt multi-modal tracking	1.000	[29] Jiawen Zhu, Simiao Lai, Xin Chen, Dong Wang, and Huchuan Lu. Visual prompt multi-modal tracking. In Pro- ceedings of the IEEE Conference on Computer Vision and Pattern Recognition, pages 9516–9526, 2023. 2, 5 22108
23	MUST: The First Dataset and Unified Framework for Multispectral UAV Single Object Tracking	85	Visible-thermal UAV tracking: A large-scale benchmark and new baseline	1.000	[37] Pengyu Zhang, Jie Zhao, Dong Wang, Huchuan Lu, and Xiang Ruan. Visible-thermal uav tracking: A large-scale benchmark and new baseline. In CVPR, pages 8886–8895,
24	PURA: Parameter Update-Recovery Test-Time Adaption for RGB-T Tracking	106	Weighted sparse representation regularized graph learning for RGB-T object tracking	1.000	[20] Chenglong Li, Nan Zhao, Yijuan Lu, Chengli Zhu, and ing modality feature fusion via transformer for rgbt-tracking. Jin Tang. Weighted sparse representation regularized graph Infrared Physics & Technology, 133:104819, 2023. 6 learning for rgb-t object tracking. In ACM MM, pages 1856–
24	PURA: Parameter Update-Recovery Test-Time Adaption for RGB-T Tracking	39	Bi-directional adapter for multimodal tracking	1.000	[4] Bing Cao, Junliang Guo, Pengfei Zhu, and Qinghua Hu. Bi- 1864, 2017. 5, 6 directional adapter for multimodal tracking. In AAAI, pages
24	PURA: Parameter Update-Recovery Test-Time Adaption for RGB-T Tracking	100	Challenge-aware RGBT tracking	1.000	[22] Chenglong Li, Lei Liu, Andong Lu, Qing Ji, and Jin Tang. tion. In CVPR, pages 13608–13618, 2022. 2, 5 Challenge-aware rgbt tracking. In ECCV, pages 222–237.
24	PURA: Parameter Update-Recovery Test-Time Adaption for RGB-T Tracking	87	LasHeR: A large-scale high-diversity benchmark for RGBT tracking	1.000	[6] Alexey Dosovitskiy, Lucas Beyer, Alexander Kolesnikov, Springer, 2020. 2 Dirk Weissenborn, Xiaohua Zhai, Thomas Unterthiner, Mostafa Dehghani, Matthias Minderer, Georg Heigold, Syl- [23] Chenglong Li, Wanlin Xue, Yaqing Jia, Zhichen Qu, Bin vain Gelly, et al. An image is worth 16x16 words: Trans- Luo, Jin Tang, and Dengdi Sun. Lasher: A large-scale high- formers for image recognition at scale. In ICLR, 2021. 5 diversity benchmark for rgbt tracking. TIP, 31:392–404,
24	PURA: Parameter Update-Recovery Test-Time Adaption for RGB-T Tracking	68	Bridging search region interaction with template for RGB-T tracking	1.000	[16] Tianrui Hui, Zizheng Xun, Fengguang Peng, Junshi Huang, [32] Matthias Muller, Adel Bibi, Silvio Giancola, Salman Al- Xiaoming Wei, Xiaolin Wei, Jiao Dai, Jizhong Han, and Si subaihi, and Bernard Ghanem. Trackingnet: A large-scale Liu. Bridging search region interaction with template for dataset and benchmark for object tracking in the wild. In rgb-t tracking. In CVPR, pages 13630–13639, 2023. 2, 5, 6 ECCV, pages 300–317, 2018. 6
24	PURA: Parameter Update-Recovery Test-Time Adaption for RGB-T Tracking	95	Jointly modeling motion and appearance cues for robust RGB-T tracking	1.000	[37] Dengdi Sun, Yajie Pan, Andong Lu, Chenglong Li, and Bin Huchuan Lu, and Xiaoyun Yang. Jointly modeling motion Luo. Transformer rgbt tracking with spatio-temporal mul- and appearance cues for robust rgb-t tracking. TIP, 30:3335– timodal tokens. TCSVT, 34(11 Part 2):12059–12072, 2024. 3347, 2021. 2 6 [49] Pengyu Zhang, Jie Zhao, Dong Wang, Huchuan Lu, and
24	PURA: Parameter Update-Recovery Test-Time Adaption for RGB-T Tracking	85	Visible-thermal UAV tracking: A large-scale benchmark and new baseline	1.000	[38] Antti Tarvainen and Harri Valpola. Mean teachers are better Xiang Ruan. Visible-thermal uav tracking: A large-scale role models: Weight-averaged consistency targets improve benchmark and new baseline. In CVPR, pages 8886–8895, semi-supervised deep learning results. NeurIPS, 30, 2017. 3 2022. 6
24	PURA: Parameter Update-Recovery Test-Time Adaption for RGB-T Tracking	41	Temporal adaptive rgbt tracking with modality prompt	1.000	[40] Hongyu Wang, Xiaotao Liu, Yifan Li, Meng Sun, Dian Yuan, [51] Xin Zhang and Ying-Cong Chen. Adaptive domain general- and Jing Liu. Temporal adaptive rgbt tracking with modality ization via online disagreement minimization. TIP, 32:4247– prompt. In AAAI, pages 5436–5444, 2024. 2, 6 4258, 2023. 2, 3
24	PURA: Parameter Update-Recovery Test-Time Adaption for RGB-T Tracking	70	Visual prompt multi-modal tracking	1.000	[43] Svante Wold, Kim Esbensen, and Paul Geladi. Principal telligence, 1(1):29, 2023. 1 component analysis. Chemometrics and intelligent labora- [54] Jiawen Zhu, Simiao Lai, Xin Chen, Dong Wang, and tory systems, 2(1-3):37–52, 1987. 4 Huchuan Lu. Visual prompt multi-modal tracking. In CVPR, pages 9516–9526, 2023. 2, 6 22098
27	What You Have is What You Track: Adaptive and Robust Multimodal Tracking	43	SDSTrack: Self-Distillation Symmetric Adapter Learning for Multi-Modal Visual Object Tracking	1.000	[5] Xin Chen, Houwen Peng, Dong Wang, Huchuan Lu, and Han Jiang, Liang Liu, et al. Sdstrack: Self-distillation symmetric Hu. Seqtrack: Sequence to sequence learning for visual ob- adapter learning for multi-modal visual object tracking. In ject tracking. In CVPR, 2023. 1, 2, 7 CVPR, 2024. 2, 5, 6, 7
27	What You Have is What You Track: Adaptive and Robust Multimodal Tracking	18	Exploiting multimodal spatial-temporal patterns for video object tracking	1.000	[22] Xiantao Hu, Ying Tai, Xu Zhao, Chen Zhao, Zhenyu Zhang, Liu, Dong Wang, and Huchuan Lu. Sutrack: Towards Jun Li, Bineng Zhong, and Jian Yang. Exploiting multimodal simple and unified single object tracking. arXiv preprint spatial-temporal patterns for video object tracking. arXiv arXiv:2412.19138, 2024. 2, 5, 6, 7 preprint arXiv:2412.15691, 2024. 2, 5, 6, 7
27	What You Have is What You Track: Adaptive and Robust Multimodal Tracking	100	Challenge-aware RGBT tracking	1.000	[16] Shenyuan Gao, Chunluan Zhou, Chao Ma, Xinggang Wang, [30] Chenglong Li, Lei Liu, Andong Lu, Qing Ji, and Jin Tang. and Junsong Yuan. Aiatrack: Attention in attention for trans- Challenge-aware RGBT tracking. In ECCV, 2020. 6 former visual tracking. In ECCV. Springer, 2022. 2 [31] Chenglong Li, Wanlin Xue, Yaqing Jia, Zhichen Qu, Bin
27	What You Have is What You Track: Adaptive and Robust Multimodal Tracking	87	LasHeR: A large-scale high-diversity benchmark for RGBT tracking	1.000	[17] Ian Goodfellow, Jean Pouget-Abadie, Mehdi Mirza, Bing Luo, Jin Tang, and Dengdi Sun. Lasher: A large-scale high- Xu, David Warde-Farley, Sherjil Ozair, Aaron Courville, and diversity benchmark for rgbt tracking. TIP, 31:392–404, Yoshua Bengio. Generative adversarial networks. Commu- 2021. 1, 5, 6, 7 nications of the ACM, 63(11):139–144, 2020. 2 [32] Wei Li, Zengfu Hou, Jun Zhou, and Ran Tao. Siambag:
27	What You Have is What You Track: Adaptive and Robust Multimodal Tracking	51	Modality-missing RGBT tracking: Invertible prompt learning and high-quality benchmarks	1.000	[36] Andong Lu, Chenglong Li, Jiacong Zhao, Jin Tang, and [52] Xiao Wang, Shiao Wang, Chuanming Tang, Lin Zhu, Bo Bin Luo. Modality-missing rgbt tracking: Invertible prompt Jiang, Yonghong Tian, and Jin Tang. Event stream-based learning and high-quality benchmarks. IJCV, pages 1–21, visual object tracking: A high-resolution benchmark dataset
27	What You Have is What You Track: Adaptive and Robust Multimodal Tracking	86	Prompting for multi-modal tracking	1.000	[45] Zhan Tong, Yibing Song, Jue Wang, and Limin Wang. 7 Videomae: Masked autoencoders are data-efficient learners for self-supervised video pre-training. NeurIPS, 35:10078– [61] Jinyu Yang, Zhe Li, Feng Zheng, Ales Leonardis, and 10093, 2022. 4, 7 Jingkuan Song. Prompting for multi-modal tracking. In ACMMM, 2022. 5, 6
27	What You Have is What You Track: Adaptive and Robust Multimodal Tracking	95	Jointly modeling motion and appearance cues for robust RGB-T tracking	1.000	[65] Pengyu Zhang, Jie Zhao, Chunjuan Bo, Dong Wang, Huchuan Lu, and Xiaoyun Yang. Jointly modeling motion and appearance cues for robust RGB-T tracking. TIP, pages 3335–3347, 2021. 6
27	What You Have is What You Track: Adaptive and Robust Multimodal Tracking	70	Visual prompt multi-modal tracking	1.000	[67] Jiawen Zhu, Simiao Lai, Xin Chen, Dong Wang, and Huchuan Lu. Visual prompt multi-modal tracking. In CVPR,
28	XTrack: Multimodal Training Boosts RGB-X Video Object Trackers	39	Bi-directional adapter for multimodal tracking	1.000	[3] Bing Cao, Junliang Guo, Pengfei Zhu, and Qinghua Hu. Bi- Xin, Junhao Chen, Kai Tang, Mengmeng Wang, Zhengkai directional adapter for multimodal tracking. In AAAI, 2024. Jiang, Liang Liu, et al. Sdstrack: Self-distillation symmetric 2 adapter learning for multi-modal visual object tracking. In
28	XTrack: Multimodal Training Boosts RGB-X Video Object Trackers	68	Bridging search region interaction with template for RGB-T tracking	1.000	[6] Zedu Chen, Bineng Zhong, Guorong Li, Shengping Zhang, Liu. Bridging search region interaction with template for Rongrong Ji, Zhenjun Tang, and Xianxian Li. Siamban: rgb-t tracking. In CVPR, 2023. 2 Target-aware tracking with siamese box adaptive network. [22] Yash Jain, Harkirat Behl, Zsolt Kira, and Vibhav Vineet. TPAMI, 45(4):5158–5173, 2022. 1, 2 Damex: Dataset-aware mixture-of-experts for visual under-
28	XTrack: Multimodal Training Boosts RGB-X Video Object Trackers	83	Attribute-based progressive fusion network for rgbt tracking	1.000	[35] Hongjiao Liu, Jiayue He, Jinpeng Wang, Nan Su, Chunhui [50] Yun Xiao, Mengmeng Yang, Chenglong Li, Lei Liu, and Jin Zhao, Yiming Yan, Shou Feng, Ze Liu, Jianfei Liu, and Zi- Tang. Attribute-based progressive fusion network for rgbt long Zhao. Multi-band hyperspectral object tracking: Lever- tracking. In AAAI, 2022. 6 aging spectral information prompts and spectral scale-aware [51] Fei Xie, Chunyu Wang, Guangting Wang, Yue Cao, Wankou representation. In WHISPERS, 2023. 2 Yang, and Wenjun Zen
28	XTrack: Multimodal Training Boosts RGB-X Video Object Trackers	86	Prompting for multi-modal tracking	1.000	[39] Basil Mustafa, Carlos Riquelme, Joan Puigcerver, Rodolphe arXiv:2203.14134, 2022. 2 Jenatton, and Neil Houlsby. Multimodal contrastive learn- [55] Jinyu Yang, Zhe Li, Feng Zheng, Ales Leonardis, and ing with limoe: the language-image mixture of experts. Jingkuan Song. Prompting for multi-modal tracking. In NeurIPS, 35:9564–9576, 2022. 2, 3 ACMMM, 2022. 3, 6, 7
28	XTrack: Multimodal Training Boosts RGB-X Video Object Trackers	99	Cross-modal pattern-propagation for RGB-T tracking	1.000	[43] Chaoqun Wang, Chunyan Xu, Zhen Cui, Ling Zhou, Tong lix Heide, Baocai Yin, and Xin Yang. Spiking transformers Zhang, Xiaoya Zhang, and Jian Yang. Cross-modal pattern- for event-based single object tracking. In CVPR, 2022. 2 propagation for rgb-t tracking. In CVPR, 2020. 6 [60] Lichao Zhang, Martin Danelljan, Abel Gonzalez-Garcia,
28	XTrack: Multimodal Training Boosts RGB-X Video Object Trackers	95	Jointly modeling motion and appearance cues for robust RGB-T tracking	1.000	[44] Wenhai Wang, Zhe Chen, Xiaokang Chen, Jiannan Wu, Joost Van De Weijer, and Fahad Shahbaz Khan. Multi-modal Xizhou Zhu, Gang Zeng, Ping Luo, Tong Lu, Jie Zhou, Yu fusion for end-to-end rgb-t tracking. In ICCVW, 2019. 6 Qiao, et al. Visionllm: Large language model is also an open- [61] Pengyu Zhang, Jie Zhao, Chunjuan Bo, Dong Wang, ended decoder for vision-centric tasks. NeurIPS, 36, 2024. Huchuan Lu, and Xiaoyun Yang. Jointly modeling motion 5 and appearance cues for robust RGB-T tracking. 
28	XTrack: Multimodal Training Boosts RGB-X Video Object Trackers	70	Visual prompt multi-modal tracking	1.000	[66] Jiawen Zhu, Simiao Lai, Xin Chen, Dong Wang, and Huchuan Lu. Visual prompt multi-modal tracking. In CVPR,
33	UniRTL: A universal RGBT and low-light benchmark for object tracking	90	MFGNet: Dynamic modality-aware filter generation for RGB-T tracking	1.000	[9] P. Zhang, D. Wang, H. Lu, X. Yang, Learning adaptive attribute-driven rep- Our work still has some limitations. First, the UniRTL dataset does resentation for real-time RGB-T tracking, Int. J. Comput. Vis. 129 (2021) not include seasonal data and complexities challenges such as VOS 2714–2729. and MOTS. Second, Unismot exhibits a certain level of dependency [10] Y. Xiao, M. Yang, C. Li, L. Liu, J. Tang, Attribute-based progressive fusion on the dataset because it follows tracking-with-detecti
33	UniRTL: A universal RGBT and low-light benchmark for object tracking	68	Bridging search region interaction with template for RGB-T tracking	1.000	[13] T. Hui, Z. Xun, F. Peng, J. Huang, X. Wei, X. Wei, J. Dai, J. Han, S. Liu, Bridging in: Computer Vision–ECCV, 2022, pp. 375–392. search region interaction with template for RGB-T tracking, in: Proceedings of [39] E. Ristani, F. Solera, R. Zou, R. Cucchiara, C. Tomasi, Performance measures and the IEEE/CVF Conference on Computer Vision and Pattern Recognition, 2023, a data set for multi-target, multi-camera tracking, in: Computer Vision–ECCV, pp. 13630–13639. 2016, pp. 17–35.
33	UniRTL: A universal RGBT and low-light benchmark for object tracking	106	Weighted sparse representation regularized graph learning for RGB-T object tracking	1.000	[22] C. Li, N. Zhao, Y. Lu, C. Zhu, J. Tang, Weighted sparse representation regularized image processing. graph learning for RGB-t object tracking, in: Proceedings of the 25th ACM International Conference on Multimedia, 2017, pp. 1856–1864.
33	UniRTL: A universal RGBT and low-light benchmark for object tracking	87	LasHeR: A large-scale high-diversity benchmark for RGBT tracking	1.000	[24] C. Li, W. Xue, Y. Jia, Z. Qu, B. Luo, J. Tang, D. Sun, LasHeR: A large-scale high- diversity benchmark for RGBT tracking, IEEE Trans. Image Process. 31 (2022) Yuzhen Wu received the BS degree from Shanxi University. 392–404. He is currently a Ph.D. student at the School of Optics
34	Prototype-based cross-modal object tracking	49	RGBT Tracking via Challenge-Based Appearance Disentanglement and Interaction	1.000	[61] L. Liu, C. Li, Y. Xiao, R. Ruan, M. Fan, RGBT tracking via challenge-based 1844–1852. appearance disentanglement and interaction, IEEE Trans. Image Process. 33
34	Prototype-based cross-modal object tracking	73	Multi-modal multi-task feature fusion for RGBT tracking	1.000	[38] Y. Cai, X. Sui, G. Gu, Multi-modal multi-task feature fusion for RGBT tracking, International Conference on Multimedia, 2023, pp. 3129–3137. Inf. Fusion 97 (2023) 101816.
34	Prototype-based cross-modal object tracking	70	Visual prompt multi-modal tracking	1.000	[45] J. Zhu, S. Lai, X. Chen, D. Wang, H. Lu, Visual prompt multi-modal tracking, 2019, pp. 5374–5383. in: Proceedings of the IEEE/CVF Conference on Computer Vision and Pattern [69] L. Huang, X. Zhao, K. Huang, Got-10k: A large high-diversity benchmark for Recognition, 2023, pp. 9516–9526. generic object tracking in the wild, IEEE Trans. Pattern Anal. Mach. Intell. 43
34	Prototype-based cross-modal object tracking	44	Single-Model and Any-Modality for Video Object Tracking	1.000	[46] Z. Wu, J. Zheng, X. Ren, F.-A. Vasluianu, C. Ma, D.P. Paudel, L. Van Gool, R. (5) (2019) 1562–1577. Timofte, Single-model and any-modality for video object tracking, in: Proceedings [70] T.-Y. Lin, M. Maire, S. Belongie, J. Hays, P. Perona, D. Ramanan, P. Dollár, of the IEEE/CVF Conference on Computer Vision and Pattern Recognition, 2024, C.L. Zitnick, Microsoft coco: Common objects in context, in: Proceedings of the pp. 19156–19166. European Conference on Computer Vision, Springer, 2014, p
34	Prototype-based cross-modal object tracking	39	Bi-directional adapter for multimodal tracking	1.000	[87] B. Cao, J. Guo, P. Zhu, Q. Hu, Bi-directional adapter for multimodal tracking, in: Science and technology, Huaibei Normal University, Anhui, Proceedings of the AAAI Conference on Artificial Intelligence, 2024, pp. 927–935. China. He received his Ph.D. degree in nuclear science and
34	Prototype-based cross-modal object tracking	43	SDSTrack: Self-Distillation Symmetric Adapter Learning for Multi-Modal Visual Object Tracking	1.000	[88] X. Hou, J. Xing, Y. Qian, Y. Guo, S. Xin, J. Chen, K. Tang, M. Wang, Z. Jiang, L. technology from University of Science and Technology of Liu, et al., Sdstrack: Self-distillation symmetric adapter learning for multi-modal China, Hefei, China, in 2016. His current research inter- visual object tracking, in: Proceedings of the IEEE/CVF Conference on Computer ests include object tracking, action recognition, fine-grained Vision and Pattern Recognition, 2024, pp. 26551–26561. image classificati
34	Prototype-based cross-modal object tracking	49	RGBT Tracking via Challenge-Based Appearance Disentanglement and Interaction	1.000	[91] L. Liu, C. Li, Y. Xiao, R. Ruan, M. Fan, Rgbt tracking via challenge-based appearance disentanglement and interaction, IEEE Trans. Image Process. (2024). Jin Tang received the B.Eng. degree in automation and the
36	Adaptive Perception for Unified Visual Multi-modal Object Tracking	44	Single-Model and Any-Modality for Video Object Tracking	1.000	[8] Z. Wu et al., “Single-model and any-modality for video object tracking,” [35] R. Shah, R. Martín-Martín, and Y. Zhu, “MUTEX: Learning unified 2023, arXiv:2311.15851. policies from multimodal task specifications,” 2023, arXiv:2309.14320.
36	Adaptive Perception for Unified Visual Multi-modal Object Tracking	18	Exploiting multimodal spatial-temporal patterns for video object tracking	1.000	[10] X. Hu et al., “Exploiting multimodal spatial-temporal patterns for video for localization, separation, and recognition,” in Proc. Int. Conf. Mach. object tracking,” 2024, arXiv:2412.15691. Learn., PMLR, 2023, pp. 25006–25017.
36	Adaptive Perception for Unified Visual Multi-modal Object Tracking	40	Generative-based fusion mechanism for multi-modal tracking	1.000	[14] X. An, L. Zhao, C. Gong, N. Wang, D. Wang, and J. Yang, “SHaRPose: [41] Z. Tang, T. Xu, X. Wu, X.-F. Zhu, and J. Kittler, “Generative-based Sparse high-resolution representation for human pose estimation,” Proc. fusion mechanism for multi-modal tracking,” Proc. AAAI Conf. Artif. AAAI Conf. Artif. Intell., vol. 38, no. 2, pp. 691–699, Mar. 2024. Intell., vol. 38, no. 6, pp. 5189–5197, 2024.
36	Adaptive Perception for Unified Visual Multi-modal Object Tracking	86	Prompting for multi-modal tracking	1.000	[20] J. Yang, Z. Li, F. Zheng, A. Leonardis, and J. Song, “Prompting for pp. 2980–2988. multi-modal tracking,” in Proc. ACM Multimedia, New York, NY, USA: [47] H. Rezatofighi, N. Tsoi, J. Gwak, A. Sadeghian, I. D. Reid, ACM, 2022, pp. 3492–3500. and S. Savarese, “Generalized intersection over union: A met-
36	Adaptive Perception for Unified Visual Multi-modal Object Tracking	43	SDSTrack: Self-Distillation Symmetric Adapter Learning for Multi-Modal Visual Object Tracking	1.000	[21] X. Hou et al., “SDSTrack: Self-distillation symmetric adapter learning ric and a loss for bounding box regression,” in Proc. CVPR, for multi-modal visual object tracking,” 2024, arXiv:2403.16002. Computer Vision Foundation/IEEE, Long Beach, CA, USA, 2019,
36	Adaptive Perception for Unified Visual Multi-modal Object Tracking	68	Bridging search region interaction with template for RGB-T tracking	1.000	[22] T. Hui et al., “Bridging search region interaction with template for RGB- pp. 658–666. T tracking,” in Proc. CVPR, Piscataway, NJ, USA: IEEE, 2023, pp. [48] S. Yan, J. Yang, J. Käpylä, F. Zheng, A. Leonardis, and J. Kämäräinen, 13630–13639. “DepthTrack: Unveiling the power of RGBD tracking,” in Proc. ICCV,
36	Adaptive Perception for Unified Visual Multi-modal Object Tracking	87	LasHeR: A large-scale high-diversity benchmark for RGBT tracking	1.000	[28] C. Li et al., “LasHeR: A large-scale high-diversity benchmark for RGBT 2021. tracking,” IEEE Trans. Image Process, vol. 31, pp. 392–404, 2022. [54] X. Hu, B. Zhong, Q. Liang, S. Zhang, N. Li, and X. Li, “Towards
36	Adaptive Perception for Unified Visual Multi-modal Object Tracking	19	RGBT Tracking via All-layer Multimodal Interactions with Progressive Fusion Mamba	1.000	[60] A. Lu, W. Wang, C. Li, J. Tang, and B. Luo, “RGBT tracking via all- arXiv:2412.13615. layer multimodal interactions with progressive fusion mamba,” 2024, [66] X. Wang et al., “Event stream-based visual object tracking: A high- arXiv:2408.08827. resolution benchmark dataset and a novel baseline,” in Proc. IEEE/CVF
36	Adaptive Perception for Unified Visual Multi-modal Object Tracking	90	MFGNet: Dynamic modality-aware filter generation for RGB-T tracking	1.000	[63] T. Liu, L. Shi, R. Hong, Y. Hu, Q. Yin, and L. Zhang, “Multi-stage vision [69] X. Wang et al., “MFGNet: Dynamic modality-aware filter generation token dropping: Towards efficient multimodal large language model,” for RGB-T tracking,” IEEE Trans. Multimedia, vol. 25, pp. 4335–4348, 2024, arXiv:2411.10803. 2023. Authorized licensed use limited to: Guangdong Univ of Tech. Downloaded on May 22,2026 at 09:37:44 UTC from IEEE Xplore. Restrictions apply.
68	Bridging search region interaction with template for RGB-T tracking	100	Challenge-aware RGBT tracking	1.000	2016. 5 [20] Chenglong Li, Lei Liu, Andong Lu, Qing Ji, and Jin Tang. Challenge-aware rgbt tracking. In ECCV, 2020. 3, 6
68	Bridging search region interaction with template for RGB-T tracking	99	Cross-modal pattern-propagation for RGB-T tracking	1.000	[37] Chaoqun Wang, Chunyan Xu, Zhen Cui, Ling Zhou, Tong Zhang, Xiaoya Zhang, and Jian Yang. Cross-modal pattern- propagation for rgb-t tracking. In CVPR, 2020. 2, 3, 6, 7
68	Bridging search region interaction with template for RGB-T tracking	83	Attribute-based progressive fusion network for rgbt tracking	1.000	[39] Yun Xiao, Mengmeng Yang, Chenglong Li, Lei Liu, and Jin Tang. Attribute-based progressive fusion network for rgbt tracking. In AAAI, 2022. 2, 3, 5, 6, 7
68	Bridging search region interaction with template for RGB-T tracking	95	Jointly modeling motion and appearance cues for robust RGB-T tracking	1.000	[46] Pengyu Zhang, Jie Zhao, Chunjuan Bo, Dong Wang, Huchuan Lu, and Xiaoyun Yang. Jointly modeling motion and appearance cues for robust rgb-t tracking. TIP, 2021. 3, 6
68	Bridging search region interaction with template for RGB-T tracking	98	Quality-aware feature aggregation network for robust RGBT tracking	1.000	[50] Yabin Zhu, Chenglong Li, Jin Tang, and Bin Luo. Quality- aware feature aggregation network for robust rgbt tracking. TIV, 2020. 6
68	Bridging search region interaction with template for RGB-T tracking	89	RGBT Tracking by Trident Fusion Network	1.000	[51] Yabin Zhu, Chenglong Li, Jin Tang, Bin Luo, and Liang Wang. Rgbt tracking by trident fusion network. TCSVT,
94	Mirnet: A robust RGBT tracking jointly with multi-modal interaction and refinement	99	Cross-modal pattern-propagation for RGB-T tracking	1.000	"[5] C. Wang, C. Xu, Z. Cui, L. Zhou, T. Zhang, X. Zhang, Weijer, and F. Shahbaz Khan, ""Multi-modal fusion for and J. Yang, ""Cross-modal pattern-propagation for rgb-t end-to-end rgb-t tracking,"" in ICCVW, 2019. tracking,"" in CVPR, 2020. [20] C. Guo, D. Yang, C. Li, and P. Song, ""Dual siamese"
94	Mirnet: A robust RGBT tracking jointly with multi-modal interaction and refinement	91	Multimodal cross-layer bilinear pooling for RGBT tracking	1.000	"[6] Q. Xu, Y. Mei, J. Liu, and C. Li, ""Multimodal cross- network for rgbt tracking via fusing predicted position layer bilinear pooling for rgbt tracking,"" TMM, 2021. maps,"" The Visual Computer, 2021."
94	Mirnet: A robust RGBT tracking jointly with multi-modal interaction and refinement	89	RGBT Tracking by Trident Fusion Network	1.000	"[7] Y. Zhu, C. Li, J. Tang, B. Luo, and L. Wang, ""Rgbt ""Alpha-refine: Boosting tracking performance by pre- tracking by trident fusion network,"" TCSVT, 2021. cise bounding box estimation,"" in CVPR, 2021."
94	Mirnet: A robust RGBT tracking jointly with multi-modal interaction and refinement	102	Dense feature aggregation and pruning for RGBT tracking	1.000	"[9] P. Zhang, D. Wang, H. Lu, and X. Yang, ""Learn- [23] Y. Zhu, C. Li, B. Luo, J. Tang, and X. Wang, ""Dense ing adaptive attribute-driven representation for real-time feature aggregation and pruning for rgbt tracking,"" in rgb-t tracking,"" IJCV, 2021. ACM MM, 2019."
94	Mirnet: A robust RGBT tracking jointly with multi-modal interaction and refinement	107	Learning collaborative sparse representation for grayscale-thermal tracking	1.000	"[10] H. Zhang, L. Zhang, L. Zhuo, and J. Zhang, ""Ob- [24] C. Li, H. Cheng, S. Hu, X. Liu, J. Tang, and ject tracking in rgb-t videos using modal-aware attention L. Lin, ""Learning collaborative sparse representation network and competitive learning,"" Sensors, 2020. for grayscale-thermal tracking,"" TIP, 2016."
100	Challenge-aware RGBT tracking	107	Learning collaborative sparse representation for grayscale-thermal tracking	1.000	4. Li, C., Cheng, H., Hu, S., Liu, X., Tang, J., Lin, L.: Learning collaborative sparse representation for grayscale-thermal tracking. IEEE Trans. Image Process. 25(12), 5743–5756 (2016)
