citing_row	citing_paper	inferred_rating	reference
2	CADTrack: Learning Contextual Aggregation with Deformable Alignment for Robust RGBT Tracking	CCF-A	Hu, Y.; Shao, Z.; Fan, B.; and Liu, H. 2025c. Dual-Level Cai, W.; Liu, Q.; and Wang, Y. 2025. SPMTrack: Spatio- Modality De-Biasing for RGBT Tracking. IEEE TIP, 34: Temporal Parameter-Efficient Fine-Tuning with Mixture of 2667–2679. Experts for Scalable Visual Tracking. In CVPR, 16871– Hui, T.; Xun, Z.; Peng, F.; Huang, J.; Wei, X.; Wei, X.; Dai,
2	CADTrack: Learning Contextual Aggregation with Deformable Alignment for Robust RGBT Tracking	CCF-A	Paudel, D. P.; Gool, L. V.; and Timofte, R. 2025b. XTrack: Robust RGB-T Tracking. IEEE TIP, 30: 3335–3347. Multimodal Training Boosts RGB-X Video Object Trackers. Zhang, P.; Zhao, J.; Wang, D.; Lu, H.; and Ruan, X. 2022. In ICCV, 5734–5744. Visible-Thermal UAV Tracking: A Large-scale Benchmark Tang, Z.; Xu, T.; Wu, X.; Zhu, X.-F.; and Kittler, J. and New Baseline. In CVPR, 8886–8895.
2	CADTrack: Learning Contextual Aggregation with Deformable Alignment for Robust RGBT Tracking	CCF-A	19166. Zhu, Y.; Li, C.; Luo, B.; Tang, J.; and Wang, X. 2019. Dense Xia, J.; Shi, D.; Song, K.; Song, L.; Wang, X.; Jin, S.; Zhao, Feature Aggregation and Pruning for RGBT Tracking. In C.; Cheng, Y.; Jin, L.; Zhu, Z.; Li, J.; Wang, G.; Xing, J.; and ACM MM, 465–472.
4	Group Orthogonal Low-Rank Adaptation for RGB-T Tracking	CCF-A	Gelly, S. 2019. Parameter-efficient transfer learning for ing modality gap in RGBT tracking: Coupled knowledge NLP. In ICML, 2790–2799. PMLR. distillation. In ACM MM, 9291–9300.
4	Group Orthogonal Low-Rank Adaptation for RGB-T Tracking	CCF-A	Hu, E. J.; Wallis, P.; Allen-Zhu, Z.; Li, Y.; Wang, S.; Wang, Oquab, M.; Darcet, T.; Moutakanni, T.; Vo, H. V.; L.; Chen, W.; et al. 2022. LoRA: Low-Rank Adaptation of Szafraniec, M.; Khalidov, V.; Fernandez, P.; HAZIZA, D.; Large Language Models. In ICLR. Massa, F.; El-Nouby, A.; et al. 2024. DINOv2: Learning Hu, X.; Tai, Y.; Zhao, X.; Zhao, C.; Zhang, Z.; Li, J.; Zhong, Robust Visual Features without Supervision. TMLR. B.; and Yang, J. 2025a. Exploiting multimodal spatial- Rezatofighi, H.; Tsoi, N.; Gwak, J.; Sadeghian, A.; Reid, I.; temporal patterns for video object tracking. In AAAI, vol- and Savarese, S. 2019. Generalized intersection over union: ume 39, 3581–3589. A metric and a loss for bounding box regression. In CVPR, Hu, Y.; Shao, Z.; Fan, B.; and Liu, H. 2025b. Dual-Level 658–6
5	Semantic Feature Purification for Adversarially-Aware RGB-T Tracking	CCF-A	Vladu, A. 2017. Towards deep learning models resistant to 2023. Dropmae: Masked autoencoders with spatial-attention adversarial attacks. stat. dropout for tracking tasks. In Proc. of CVPR. Mai, S.; Hu, H.; and Xing, S. 2020. Modality to modality Wu, Y.; Blasch, E.; Chen, G.; Bai, L.; and Ling, H. 2011. translation: An adversarial representation learning and graph Multiple source data fusion via sparse representation for ro- fusion network for multimodal fusion. In Proc. of AAAI. bust visual tracking. In 14th International Conference on Mao, C.; Geng, S.; Yang, J.; Wang, X.; and Vondrick, C. Information Fusion.
5	Semantic Feature Purification for Adversarially-Aware RGB-T Tracking	CCF-A	2023. Understanding Zero-shot Adversarial Robustness for Wu, Z.; Yu, R.; Liu, Q.; Cheng, S.; Qiu, S.; and Zhou, S. Large-Scale Models. In Proc. of ICLR. 2025. Enhancing Tracking Robustness with Auxiliary Ad- Ronneberger, O.; Fischer, P.; and Brox, T. 2015. U-net: versarial Defense Networks. In Proc. of ECCV. Convolutional networks for biomedical image segmenta- Xiao, Y.; Yang, M.; Li, C.; Liu, L.; and Tang, J. 2022. tion. In Medical image computing and computer-assisted Attribute-based progressive fusion network for rgbt track- intervention–MICCAI 2015: 18th international conference, ing. In Proc. of AAAI. Munich, Germany, October 5-9, 2015, proceedings, part III Yan, B.; Wang, D.; Lu, H.; and Yang, X. 2020. Cooling-
6	Tracking and Segmenting Anything in Any Modality	CCF-B	Cheng, H. K.; and Schwing, A. G. 2022. Xmem: Long-term video Liu, S. 2024a. RGB-T tracking with template-bridged search inter- object segmentation with an atkinson-shiffrin memory model. In action and target-preserved template updating. IEEE TPAMI. ECCV, 640–658. Springer. Li, C.; Xue, W.; Jia, Y.; Qu, Z.; Luo, B.; Tang, J.; and Sun, D.
14	UTPTrack: Towards Simple and Unified Token Pruning for Visual Tracking	CAS-Q1	[3] Fei Chen, Xiaodong Wang, Yunxiang Zhao, Shaohe Lv, and ric adapter learning for multi-modal visual object tracking. Xin Niu. Visual object tracking: A survey. Computer Vision In Proceedings of the IEEE/CVF Conference on Computer and Image Understanding, 222:103508, 2022. 1 Vision and Pattern Recognition, pages 26551–26561, 2024.
14	UTPTrack: Towards Simple and Unified Token Pruning for Visual Tracking	CAS-Q1	[26] Liting Lin, Heng Fan, Zhipeng Zhang, Yaowei Wang, Yong [38] Zongwei Wu, Jilai Zheng, Xiangxuan Ren, Florin-Alexandru Xu, and Haibin Ling. Tracking meets lora: Faster training, Vasluianu, Chao Ma, Danda Pani Paudel, Luc Van Gool, and larger model, stronger performance. In European Confer- Radu Timofte. Single-model and any-modality for video ob- ence on Computer Vision, pages 300–318. Springer, 2024. ject tracking. In Proceedings of the IEEE/CVF conference 4 on computer vision and pattern recognition, pages 19156–
16	CAFormer: Cross-modulated Attention Transformer for RGBT Tracking	CAS-Q1	2018. 非局部神经网络. InIEEE计算机视觉与模式识别 Wang, X.; Girshick, R.; Gupta, A.; and He, K. 2018. Non- aware feature aggregation network for robust RGBT track- 于三叉戟融合网络的RGBT跟踪。《IEEE电路与系统视频 local neural networks. In Proceedings of the IEEE con- ing. IEEE Transactions on Intelligent Vehicles, 6(1): 121– 会议论文集, 7794– 7803. Wu, Z.; Zheng, J.; Ren, ference on computer vision and pattern recognition, 7794– 130. 技术汇刊》，32(2): 579–592页。 X.; Vasluianu, F.‑A.; Ma, C.; Paudel, D. P.; Van 7803. Zhu, Y.; Li, C.; Tang, J.; Luo, B.; and Wang, L. 2021. RGBT Gool, L.; and Timofte, R. 2024. 单模型与任意模态用 Wu, Z.; Zheng, J.; Ren, X.; Vasluianu, F.-A.; Ma, C.; Paudel, tracking by trident fusion network. IEEE Transactions on D. P.; Van Gool, L.; and Timofte, R. 2024. Single-Model and Circuits and Systems for Video Technology, 32(
16	CAFormer: Cross-modulated Attention Transformer for RGBT Tracking	CCF-A	2022. 基于属性的渐进融合网络用于RGBT跟踪. In tion. Xiao, Y.; Yang, M.; Li, C.; Liu, L.; and Tang, J. 2022. AAAI人工智能会议论文集. Xu, Q.; Zhao, W.; Lin, Attribute-based progressive fusion network for RGBT track- G.; and Long, C. 2023. 自校准交叉注意力网络用于少 ing. In Proceedings of the AAAI Conference on Artificial 样本分割. InIEEE/CVF国际计算机视觉会议, 655– Intelligence.
18	Exploiting multimodal spatial-temporal patterns for video object tracking	CCF-A	2021. Transformer tracking. In CVPR, 8126–8135. Hui, T.; Xun, Z.; Peng, F.; Huang, J.; Wei, X.; Wei, X.; Dai, Chen, Z.; Zhong, B.; Li, G.; Zhang, S.; and Ji, R. 2020. J.; Han, J.; and Liu, S. 2023. Bridging Search Region In- Siamese Box Adaptive Network for Visual Tracking. In teraction with Template for RGB-T Tracking. In CVPR, CVPR, 6667–6676. Computer Vision Foundation / IEEE. 13630–13639. IEEE. Chen, Z.; Zhong, B.; Li, G.; Zhang, S.; Ji, R.; Tang, Z.; and Jiang, L.; Wang, C.; Ning, X.; and Yu, Z. 2023. LTTPoint:
20	SUTrack: Towards simple and unified single object tracking	CCF-A	2023. Efficient Visual Tracking with Exemplar Transform- Multi-Modal Visual Object Tracking. In CVPR. ers. In WACV. Huang, L.; Zhao, X.; and Huang, K. 2019. GOT-10k: A Borsuk, V.; Vei, R.; Kupyn, O.; Martyniuk, T.; Krashenyi, Large High-Diversity Benchmark for Generic Object Track- I.; and Matas, J. 2022. FEAR: Fast, Efficient, Accurate and ing in the Wild. IEEE TPAMI. Robust Visual Tracker. In ECCV. Kang, B.; Chen, X.; Wang, D.; Peng, H.; and Lu, H. 2023. Cai, Y.; Liu, J.; Tang, J.; and Wu, G. 2023. Robust Object Exploring Lightweight Hierarchical Vision Transformers for Modeling for Visual Tracking. In ICCV. Efficient Visual Tracking. In ICCV. Chen, B.; Li, P.; Bai, L.; Qiao, L.; Shen, Q.; Li, B.; Gan, Kristan, M.; Leonardis, A.; Matas, J.; Felsberg, M.; W.; Wu, W.; and Ouyang, W. 2022a.
20	SUTrack: Towards simple and unified single object tracking	CCF-A	Ye, Q. 2024. Fast-iTPN: Integrally Pre-trained Transformer Transformer Vision-Language Tracking via Proxy Token Pyramid Network with Token Migration. IEEE TPAMI. Guided Cross-Modal Fusion. PRL. Wang, N.; Zhou, W.; Wang, J.; and Li, H. 2021a. Trans- Zheng, Y.; Zhong, B.; Liang, Q.; Mo, Z.; Zhang, S.; and Li, former Meets Tracker: Exploiting Temporal Context for Ro- X. 2024. ODtrack: Online Dense Temporal Token Learning bust Visual Tracking. In CVPR. for Visual Tracking. In AAAI. Wang, X.; Li, J.; Zhu, L.; Zhang, Z.; Chen, Z.; Li, X.; Wang, Zhou, L.; Zhou, Z.; Mao, K.; and He, Z. 2023. Joint Visual Y.; Tian, Y.; and Wu, F. 2024. VisEvent: Reliable Object Grounding and Tracking with Natural Language Specifica- Tracking via Collaboration of Frame and Event Flows. IEEE tion. In CVPR. TCYB. Zhu,
22	ACAttack: Adaptive Cross Attacking RGB-T Tracker via Multi-Modal Response Decoupling	CAS-Q1	[9] Xiaojun Hou, Jiazheng Xing, Yijie Qian, Yaowei Guo, Shuo [23] Saining Xie, Ross Girshick, Piotr Dollár, Zhuowen Tu, and Xin, Junhao Chen, Kai Tang, Mengmeng Wang, Zhengkai Kaiming He. Aggregated residual transformations for deep Jiang, Liang Liu, et al. Sdstrack: Self-distillation symmet- neural networks. In Proceedings of the IEEE Conference ric adapter learning for multi-modal visual object tracking. on Computer Vision and Pattern Recognition, pages 1492– In Proceedings of the IEEE Conference on Computer Vision 1500, 2017. 4 and Pattern Recognition, pages 26551–26561, 2024. 2, 5
22	ACAttack: Adaptive Cross Attacking RGB-T Tracker via Multi-Modal Response Decoupling	CAS-Q1	[28] Tianlu Zhang, Hongyuan Guo, Qiang Jiao, Qiang Zhang, and Jungong Han. Efficient rgb-t tracking via cross-modality dis- tillation. In Proceedings of the IEEE Conference on Com- puter Vision and Pattern Recognition, pages 5404–5413,
24	PURA: Parameter Update-Recovery Test-Time Adaption for RGB-T Tracking	CCF-A	[1] Yifan Bai, Zeyang Zhao, Yihong Gong, and Xing Wei. Ar- contextual modeling for robust rgb-t tracking. CoRR, 2024. trackv2: Prompting autoregressive tracker where to look and 5, 6 how to describe. In CVPR, pages 19048–19057, 2024. 2
24	PURA: Parameter Update-Recovery Test-Time Adaption for RGB-T Tracking	CCF-A	[2] Malik Boudiaf, Romain Mueller, Ismail Ben Ayed, and Luca and Liang Lin. Learning collaborative sparse representa- Bertinetto. Parameter-free online test-time adaptation. In tion for grayscale-thermal tracking. TIP, 25(12):5743–5756, CVPR, pages 8344–8353, 2022. 2, 3
24	PURA: Parameter Update-Recovery Test-Time Adaption for RGB-T Tracking	CAS-Q1	[8] Mingzheng Feng and Jianbo Su. Learning multi-layer atten- [25] Yanghao Li, Naiyan Wang, Jianping Shi, Xiaodi Hou, and tion aggregation siamese network for robust rgbt tracking. Jiaying Liu. Adaptive batch normalization for practical do- TMM, 26:3378–3391, 2024. 6 main adaptation. PR, 80:109–117, 2018. 6, 7
24	PURA: Parameter Update-Recovery Test-Time Adaption for RGB-T Tracking	CAS-Q1	[11] Junyu Gao, Mengyuan Chen, and Changsheng Xu. Vector- Fan. Rgbt tracking via challenge-based appearance disentan- ized evidential learning for weakly-supervised temporal ac- glement and interaction. TIP, 33:1753–1767, 2024. 6 tion localization. TPAMI, 45(12):15949 – 15963, 2023. 1 [28] Yang Luo, Xiqing Guo, Hui Feng, and Lei Ao. Rgb-t track-
24	PURA: Parameter Update-Recovery Test-Time Adaption for RGB-T Tracking	CCF-A	[14] Xiaojun Hou, Jiazheng Xing, Yijie Qian, Yaowei Guo, Shuo [30] Jiatian Mei, Dongming Zhou, Jinde Cao, Rencand Nie, and Xin, Junhao Chen, Kai Tang, Mengmeng Wang, Zhengkai Kangjian He. Differential reinforcement and global collabo- Jiang, Liang Liu, et al. Sdstrack: Self-distillation symmetric ration network for rgbt tracking. Sensors, 23(7):7301–7311, adapter learning for multi-modal visual object tracking. In 2023. 6 CVPR, pages 26551–26561, 2024. 2 [31] Jiatian Mei, Juxiang Zhou, Jun Wang, Jia Hao, Dongming
24	PURA: Parameter Update-Recovery Test-Time Adaption for RGB-T Tracking	CCF-A	[39] Dequan Wang, Evan Shelhamer, Shaoteng Liu, Bruno Ol- [50] Tianlu Zhang, Hongyuan Guo, Qiang Jiao, Qiang Zhang, and shausen, and Trevor Darrell. Tent: Fully test-time adaptation Jungong Han. Efficient rgb-t tracking via cross-modality dis- by entropy minimization. In ICLR, 2021. 2, 3, 6, 7 tillation. In CVPR, pages 5404–5413, 2023. 6
27	What You Have is What You Track: Adaptive and Robust Multimodal Tracking	CCF-B	[15] Zhihong Fu, Zehua Fu, Qingjie Liu, Wenrui Cai, and Yun- [29] Chenglong Li, Xinyan Liang, Yijuan Lu, Nan Zhao, and Jin hong Wang. Sparsett: Visual tracking with sparse transform- Tang. Rgb-t object tracking: Benchmark and baseline. PR, ers. In IJCAI, 2022. 1 96:106977, 2019. 1, 2, 5, 6, 7
27	What You Have is What You Track: Adaptive and Robust Multimodal Tracking	CAS-Q1	[35] Ye Liu, Xiao-Yuan Jing, Jianhui Nie, Hao Gao, Jun Liu, and [51] Xiao Wang, Jianing Li, Lin Zhu, Zhipeng Zhang, Zhe Chen, Guo-Ping Jiang. Context-aware three-dimensional mean- Xin Li, Yaowei Wang, Yonghong Tian, and Feng Wu. Visev- shift with occlusion handling for robust object tracking in ent: Reliable object tracking via collaboration of frame and RGB-D videos. TMM, pages 664–677, 2018. 6 event flows. TCYB, pages 1–14, 2023. 2, 5, 6, 7
27	What You Have is What You Track: Adaptive and Robust Multimodal Tracking	CCF-A	[53] Xing Wei, Yifan Bai, Yongchao Zheng, Dahu Shi, and Yi- Cathy Wu, and Xi Peng. Smil: Multimodal learning with hong Gong. Autoregressive visual tracking. In CVPR, 2023. severely missing modality. In AAAI, pages 2302–2310, 2021. 1, 2 1, 2
27	What You Have is What You Track: Adaptive and Robust Multimodal Tracking	CCF-A	[41] Hyeonseob Nam and Bohyung Han. Learning multi-domain Radu Timofte. Single-model and any-modality for video ob- convolutional neural networks for visual tracking. In CVPR, ject tracking. In CVPR, 2024. 2, 5, 6
27	What You Have is What You Track: Adaptive and Robust Multimodal Tracking	CCF-A	[42] Yanlin Qian, Song Yan, Alan Lukežič, Matej Kristan, Joni- Tang. Attribute-based progressive fusion network for rgbt Kristian Kämäräinen, and Jiřı́ Matas. Dal: A deep depth- tracking. In AAAI, 2022. 6 aware long-term tracker. In ICPR, 2021. 6 [58] Fei Xie, Chunyu Wang, Guangting Wang, Yue Cao, Wankou
27	What You Have is What You Track: Adaptive and Robust Multimodal Tracking	CCF-A	[60] Song Yan, Jinyu Yang, Jani Käpylä, Feng Zheng, Aleš trained transformer pyramid network with token migration. Leonardis, and Joni-Kristian Kämäräinen. Depthtrack: Un- TPAMI, 2024. 5 veiling the power of rgbd tracking. In ICCV, 2021. 1, 5, 6,
27	What You Have is What You Track: Adaptive and Robust Multimodal Tracking	CCF-A	[47] Chaoqun Wang, Chunyan Xu, Zhen Cui, Ling Zhou, Tong tracking: A one-stream framework. In ECCV, 2022. 2, 5, 6 Zhang, Xiaoya Zhang, and Jian Yang. Cross-modal pattern- [63] Sukwon Yun, Inyoung Choi, Jie Peng, Yangfan Wu, Jingx- propagation for rgb-t tracking. In CVPR, 2020. 6 uan Bao, Qiyiwen Zhang, Jiayi Xin, Qi Long, and Tianlong
27	What You Have is What You Track: Adaptive and Robust Multimodal Tracking	CCF-A	[48] Hu Wang, Congbo Ma, Jianpeng Zhang, Yuan Zhang, Jodie Chen. Flex-moe: Modeling arbitrary modality combination Avery, Louise Hull, and Gustavo Carneiro. Learnable cross- via the flexible mixture-of-experts. In NeurIPS. 2 modal knowledge distillation for multi-modal learning with [64] Hui Zhang, Lei Zhang, Li Zhuo, and Jing Zhang. Object missing modality. In MICCAI, pages 216–226. Springer, tracking in RGB-T videos using modal-aware attention net-
27	What You Have is What You Track: Adaptive and Robust Multimodal Tracking	CCF-A	[69] Xue-Feng Zhu, Tianyang Xu, Zhangyong Tang, Zucheng Wu, Haodong Liu, Xiao Yang, Xiao-Jun Wu, and Josef Kit- tler. Rgbd1k: A large-scale dataset and benchmark for rgb-d object tracking. In AAAI, 2023. 2, 6
28	XTrack: Multimodal Training Boosts RGB-X Video Object Trackers	CCF-A	[1] Hassan Akbari, Dan Kondratyuk, Yin Cui, Rachel Hornung, ters. TPAMI, 37(3):583–596, 2014. 2 Huisheng Wang, and Hartwig Adam. Alternating gradi- [18] Lingyi Hong, Shilin Yan, Renrui Zhang, Wanyun Li, Xinyu ent descent and mixture-of-experts for integrated multimodal Zhou, Pinxue Guo, Kaixun Jiang, Yiting Chen, Jinglun Li, perception. NeurIPS, 36, 2024. 3 Zhaoyu Chen, et al. Onetracker: Unifying visual object
28	XTrack: Multimodal Training Boosts RGB-X Video Object Trackers	CCF-A	[14] Rohit Girdhar, Alaaeldin El-Nouby, Zhuang Liu, Mannat tion for grayscale-thermal tracking. TIP, 25(12):5743–5756, Singh, Kalyan Vasudev Alwala, Armand Joulin, and Ishan 2016. 1, 2 Misra. Imagebind: One embedding space to bind them all. [29] Chenglong Li, Xinyan Liang, Yijuan Lu, Nan Zhao, and Jin In CVPR, 2023. 3 Tang. Rgb-t object tracking: Benchmark and baseline. PR,
28	XTrack: Multimodal Training Boosts RGB-X Video Object Trackers	CAS-Q1	2020. 2 diversity benchmark for rgbt tracking. TIP, 31:392–404,
28	XTrack: Multimodal Training Boosts RGB-X Video Object Trackers	CCF-A	[34] Tsung-Yi Lin, Michael Maire, Serge Belongie, James Hays, [49] Zongwei Wu, Jilai Zheng, Xiangxuan Ren, Florin-Alexandru Pietro Perona, Deva Ramanan, Piotr Dollár, and C Lawrence Vasluianu, Chao Ma, Danda Pani Paudel, Luc Van Gool, and Zitnick. Microsoft coco: Common objects in context. In Radu Timofte. Single-model and any-modality for video ob- ECCV, 2014. 3 ject tracking. In CVPR, 2024. 2, 3, 6, 7
28	XTrack: Multimodal Training Boosts RGB-X Video Object Trackers	CCF-A	[37] Christoph Mayer, Martin Danelljan, Danda Pani Paudel, and [53] Song Yan, Jinyu Yang, Jani Käpylä, Feng Zheng, Aleš Luc Van Gool. Learning target candidate association to keep Leonardis, and Joni-Kristian Kämäräinen. Depthtrack: Un- track of what not to track. In ICCV, 2021. 6 veiling the power of rgbd tracking. In ICCV, 2021. 1, 2, 6,
28	XTrack: Multimodal Training Boosts RGB-X Video Object Trackers	CCF-B	[38] Matthias Muller, Adel Bibi, Silvio Giancola, Salman Al- 7 subaihi, and Bernard Ghanem. Trackingnet: A large-scale [54] Jinyu Yang, Zhe Li, Song Yan, Feng Zheng, Aleš Leonardis, dataset and benchmark for object tracking in the wild. In Joni-Kristian Kämäräinen, and Ling Shao. Rgbd ob- ECCV, 2018. 1, 3 ject tracking: An in-depth review. arXiv preprint
28	XTrack: Multimodal Training Boosts RGB-X Video Object Trackers	CCF-A	[41] Carlos Riquelme, Joan Puigcerver, Basil Mustafa, Maxim [57] Hui Zhang, Lei Zhang, Li Zhuo, and Jing Zhang. Object Neumann, Rodolphe Jenatton, André Susano Pinto, Daniel tracking in RGB-T videos using modal-aware attention net- Keysers, and Neil Houlsby. Scaling vision with sparse mix- work and competitive learning. Sensors, page 393, 2020. 6 ture of experts. NeurIPS, 34:8583–8595, 2021. 3 [58] Jiqing Zhang, Xin Yang, Yingkai Fu, Xiaopeng Wei, Bao-
28	XTrack: Multimodal Training Boosts RGB-X Video Object Trackers	CCF-A	[45] Xiao Wang, Jianing Li, Lin Zhu, Zhipeng Zhang, Zhe Chen, 3335–3347, 2021. 6 Xin Li, Yaowei Wang, Yonghong Tian, and Feng Wu. Visev- [62] Pengyu Zhang, Jie Zhao, Dong Wang, Huchuan Lu, and ent: Reliable object tracking via collaboration of frame and Xiang Ruan. Visible-thermal uav tracking: A large-scale event flows. TCYB, pages 1–14, 2023. 2, 6, 7 benchmark and new baseline. In CVPR, 2022. 2
28	XTrack: Multimodal Training Boosts RGB-X Video Object Trackers	CCF-A	[46] Xiao Wang, Shiao Wang, Chuanming Tang, Lin Zhu, Bo [63] Yiyuan Zhang, Kaixiong Gong, Kaipeng Zhang, Hongsheng Jiang, Yonghong Tian, and Jin Tang. Event stream-based Li, Yu Qiao, Wanli Ouyang, and Xiangyu Yue. Meta- visual object tracking: A high-resolution benchmark dataset transformer: A unified framework for multimodal learning. and a novel baseline. In CVPR, 2024. 1 arXiv preprint arXiv:2307.10802, 2023. 3 5743
28	XTrack: Multimodal Training Boosts RGB-X Video Object Trackers	CCF-A	[68] Xue-Feng Zhu, Tianyang Xu, Zhangyong Tang, Zucheng Wu, Haodong Liu, Xiao Yang, Xiao-Jun Wu, and Josef Kit- tler. Rgbd1k: A large-scale dataset and benchmark for rgb-d object tracking. In AAAI, 2023. 1, 2, 6
28	XTrack: Multimodal Training Boosts RGB-X Video Object Trackers	CCF-A	[69] Xue-Feng Zhu, Tianyang Xu, Zhangyong Tang, Zucheng Wu, Haodong Liu, Xiao Yang, Xiao-Jun Wu, and Josef Kit- tler. Rgbd1k: A large-scale dataset and benchmark for rgb-d object tracking. In AAAI, 2023. 6
33	UniRTL: A universal RGBT and low-light benchmark for object tracking	CCF-B	data associator via FTP. The detector consists of a unified input, feature fusion module, backbone, and unified head. The interactive neural [1] H. Fan, L. Lin, F. Yang, P. Chu, G. Deng, S. Yu, H. Bai, Y. Xu, C. Liao, H. Ling, LaSOT: A high-quality benchmark for large-scale single object tracking, network (INN) efficiently integrate RGBT-L2 data information. The in: Proceedings of the IEEE/CVF Conference on Computer Vision and Pattern associator makes full use of the similarity between low-score detection Recognition, 2019, pp. 5374–5383. boxes and tracklets to recover all true targets and filter background [2] M. Muller, A. Bibi, S. Giancola, S. Alsubaihi, B. Ghanem, TrackingNet: A large- detection. The box feature mask (FTP) in the first frame enhances scale dataset and benchmark for obj
33	UniRTL: A universal RGBT and low-light benchmark for object tracking	CAS-Q1	[26] S. Woo, K. Park, I. Shin, M. Kim, I. Kweon, MTMMC: A large-scale real-world multi-modal camera tracking benchmark, in: Proceedings of the IEEE/CVF Conference on Computer Vision and Pattern Recognition, 2024, pp. 22335–22346.
33	UniRTL: A universal RGBT and low-light benchmark for object tracking	CAS-Q1	[27] Q. Xu, L. Wang, W. Sheng, Y. Wang, C. Xiao, C. Ma, W. An, Heterogeneous graph transformer for multiple tiny object tracking in RGB-T videos, IEEE Trans. Mingkun Chen received the BS degree from Changchun Multimedia (2024) 1–14. University of Science and Technology. Now he is working
34	Prototype-based cross-modal object tracking	CAS-Q1	[44] J. Yang, Z. Li, F. Zheng, A. Leonardis, J. Song, Prompting for multi-modal track- [68] H. Fan, L. Lin, F. Yang, P. Chu, G. Deng, S. Yu, H. Bai, Y. Xu, C. Liao, H. ing, in: Proceedings of the 30th ACM International Conference on Multimedia, Ling, Lasot: A high-quality benchmark for large-scale single object tracking, in: 2022, pp. 3492–3500. Proceedings of the IEEE Conference on Computer Vision and Pattern Recognition,
36	Adaptive Perception for Unified Visual Multi-modal Object Tracking	CCF-A	[6] X. Wei, Y. Bai, Y. Zheng, D. Shi, and Y. Gong, “Autoregressive visual [33] J. Lu, C. Clark, R. Zellers, R. Mottaghi, and A. Kembhavi, “Unified-IO: tracking,” in Proc. CVPR, Piscataway, NJ, USA: IEEE, 2023, pp. 9697– A unified model for vision, language, and multi-modal tasks,” in Proc.
36	Adaptive Perception for Unified Visual Multi-modal Object Tracking	CAS-Q2	[13] H. Zhang, S. Chen, L. Luo, and J. Yang, “Few-shot learning with long- tation regularized graph learning for RGB-T object tracking,” in Proc. tailed labels,” Pattern Recognit., vol. 156, 2024, Art. no. 110806. 25th ACM Int. Conf. Multimedia, 2017, pp. 1856–1864.
36	Adaptive Perception for Unified Visual Multi-modal Object Tracking	CCF-A	[18] W. Fang, J. Fan, Y. Zheng, J. Weng, Y. Tai, and J. Li, “Guided real RGB-D object tracking,” Proc. AAAI Conf. Artif. Intell., vol. 37, no. 3, image dehazing using YCbCr color space,” 2024, arXiv:2412.17496. pp. 3870–3878, 2023.
36	Adaptive Perception for Unified Visual Multi-modal Object Tracking	CCF-A	[30] S. Yan, J. Yang, J. Käpylä, F. Zheng, A. Leonardis, and J.-K. Kämäräi- [55] X. Zhu et al., “RGBD1K: A large-scale dataset and benchmark for RGB- nen, “DepthTrack: Unveiling the power of RGBD tracking,” in Proc. D object tracking,” in Proc. AAAI, Washington, DC, USA: AAAI Press, IEEE/CVF Int. Conf. Comput. Vis., 2021, pp. 10725–10733. 2023, pp. 3870–3878.
36	Adaptive Perception for Unified Visual Multi-modal Object Tracking	CAS-Q2	[32] X. Wang et al., “VisEvent: Reliable object tracking via collaboration no. 4, pp. 5158–5173, Apr. 2023. of frame and event flows,” IEEE Trans. Cybern., vol. 54, no. 3, pp. [57] H. Sun et al., “Reliable object tracking by multimodal hybrid feature 1997–2010, Mar. 2024. extraction and transformer-based fusion,” 2024, arXiv:2405.17903. Authorized licensed use limited to: Guangdong Univ of Tech. Downloaded on May 22,2026 at 09:37:44 UTC from IEEE Xplore. Restrictions apply. HU et al.: ADAPTIVE PERCEPTION FOR UNIFIED VISUAL MULTIMODAL OBJECT TRACKING 2829
36	Adaptive Perception for Unified Visual Multi-modal Object Tracking	CCF-B	[58] S. Lai, D. Wang, and H. Lu, “DepthRefiner: Adapting RGB trackers [64] C. Xue, B. Zhong, Q. Liang, H. Xia, and S. Song, “Unifying motion to RGBD scenes via depth-fused refinement,” in Proc. IEEE Int. Conf. and appearance cues for visual tracking via shared queries,” IEEE Trans. Multimedia Expo (ICME), Piscataway, NJ, USA: IEEE, 2024, pp. 1–6. Circuits Syst. Video Technol., vol. 35, no. 3, pp. 1987–1998, Mar. 2025.
42	Onetracker: Unifying visual object tracking with foundation models and efficient tuning	CAS-Q1	Training Strategy. We analyze the training strategy of [1] Ali Athar, Alexander Hermans, Jonathon Luiten, Deva our Prompt Tracker on RGB+X tracking tasks in Table 4. Ramanan, and Bastian Leibe. Tarvis: A unified ap- We investigate different approaches to jointly training the proach for target-based video segmentation. arXiv preprint Prompt Tracker on multiple RGB+X datasets. From the first arXiv:2301.02657, 2023. 2, 3, 5, 7, 1 to the fourth row, we jointly train Prompt Tracker on the [2] Armin Bahl, Georg Ammer, Tabea Schilling, and Alexan- combination of several RGB+X datasets. In the first row, der Borst. Object tracking in motion-blind flies. Nature we train the Prompt Tracker by only separating the embed- neuroscience, 16(6):730–738, 2013. 1 ding layers for different modalities.. In th
42	Onetracker: Unifying visual object tracking with foundation models and efficient tuning	CCF-B	[4] Luca Bertinetto, Jack Valmadre, Joao F Henriques, Andrea fourth row, we separate both the CMT Prompters and TTP Vedaldi, and Philip HS Torr. Fully-convolutional siamese Transformer layers. By progressively separating the train- networks for object tracking. In Computer Vision–ECCV ing of each module, we observe continuous improvement in 2016 Workshops: Amsterdam, The Netherlands, October performance. This phenomenon can be attributed to the lim- 8-10 and 15-16, 2016, Proceedings, Part II 14, pages 850– ited amount of training data available for each downstream 865. Springer, 2016. 1 task, making it hard to train the Prompt Tracker jointly for [5] Goutam Bhat, Martin Danelljan, Luc Van Gool, and Radu all RGB+X tracking tasks. In the fifth row, Prompt Tracker Timofte. Learning discrimina
42	Onetracker: Unifying visual object tracking with foundation models and efficient tuning	CCF-A	[6] Goutam Bhat, Martin Danelljan, Luc Van Gool, and Radu Temporal Matching Attention Visualization. We vi- Timofte. Learning discriminative model prediction for sualize the temporal matching attention map of Founda- tracking. In ICCV, 2019. 5 tion Tracker and Prompt Tracker in Figure 3. The Foun- [7] Rishi Bommasani, Drew A Hudson, Ehsan Adeli, Russ Alt- dation Tracker, after undergoing extensive large-scale train- man, Simran Arora, Sydney von Arx, Michael S Bernstein, ing, demonstrates its strong temporal matching ability. It Jeannette Bohg, Antoine Bosselut, Emma Brunskill, et al. effectively captures the temporal dependencies and pro- On the opportunities and risks of foundation models. arXiv vides accurate predictions for the target object. With preprint arXiv:2108.07258, 2021. 3 the
42	Onetracker: Unifying visual object tracking with foundation models and efficient tuning	CAS-Q1	5. Conclusion tion in autonomous driving. In Proceedings of the IEEE international conference on computer vision, pages 2722– We propose a general framework, OneTracker, to unify sev- 2730, 2015. 1 eral RGB tracking and RGB+X tracking tasks. OneTracker [11] Shoufa Chen, Chongjian Ge, Zhan Tong, Jiangliu Wang, involves pretraining a Foundation Tracker on RGB track- Yibing Song, Jue Wang, and Ping Luo. Adaptformer: ing datasets and adapting it to downstream RGB+X track- Adapting vision transformers for scalable visual recogni- ing tasks using prompt-tuning techniques. By leveraging tion. arXiv preprint arXiv:2205.13535, 2022. 3 the strengths of pretraining and parameter-efficient finetun- [12] Xin Chen, Bin Yan, Jiawen Zhu, Dong Wang, Xiaoyun ing mechanisms, our framework achieves state-of-t
68	Bridging search region interaction with template for RGB-T tracking	CAS-Q1	[5] Long Chen, Libo Sun, Teng Yang, Lei Fan, Kai Huang, and diversity benchmark for rgbt tracking. TIP, 2021. 5 Zhe Xuanyuan. Rgb-t slam: A flexible slam framework by [23] Chenglong Li, Nan Zhao, Yijuan Lu, Chengli Zhu, and combining appearance and thermal information. In ICRA, Jin Tang. Weighted sparse representation regularized graph
68	Bridging search region interaction with template for RGB-T tracking	CCF-A	2017. 1 learning for rgb-t object tracking. In ACM MM, 2017. 5
68	Bridging search region interaction with template for RGB-T tracking	CCF-A	[9] Martin Danelljan, Goutam Bhat, Fahad Shahbaz Khan, and regularization. arXiv preprint arXiv:1711.05101, 2017. 5 Michael Felsberg. Atom: Accurate tracking by overlap max- [27] Andong Lu, Chenglong Li, Yuqing Yan, Jin Tang, and Bin imization. In CVPR, 2019. 2 Luo. Rgbt tracking via multi-adapter network with hierar-
68	Bridging search region interaction with template for RGB-T tracking	CCF-A	[10] Martin Danelljan, Goutam Bhat, Fahad Shahbaz Khan, and chical divergence loss. TIP, 2021. 2, 3, 6 Michael Felsberg. Eco: Efficient convolution operators for [28] Andong Lu, Cun Qian, Chenglong Li, Jin Tang, and Liang tracking. In CVPR, 2017. 2 Wang. Duality-gated mutual condition network for rgbt
68	Bridging search region interaction with template for RGB-T tracking	CCF-A	[30] Jiatian Mei, Dongming Zhou, Jinde Cao, Rencan Nie, and Mostafa Dehghani, Matthias Minderer, Georg Heigold, Syl- Yanbu Guo. Hdinet: hierarchical dual-sensor interaction net- vain Gelly, et al. An image is worth 16x16 words: Trans- work for rgbt tracking. IEEE Sensors Journal, 2021. 6 formers for image recognition at scale. In ICLR, 2021. 2, 4 [31] Matthias Muller, Adel Bibi, Silvio Giancola, Salman Al-
68	Bridging search region interaction with template for RGB-T tracking	CCF-A	[14] Yuan Gao, Chenglong Li, Yabin Zhu, Jin Tang, Tao He, and convolutional neural networks for visual tracking. In CVPR, Futian Wang. Deep adaptive fusion network for high perfor- 2016. 2, 5, 6 mance rgbt tracking. In ICCVW, 2019. 2, 3, 6 [33] Adam Paszke, Sam Gross, Francisco Massa, Adam Lerer,
68	Bridging search region interaction with template for RGB-T tracking	CCF-A	[16] Peng Jingchao, Zhao Haitao, Hu Zhengwei, Zhuang Yi, and NeurIPS, 2019. 5 Wang Bofan. Siamese infrared and visible light fusion net- [34] Karen Simonyan and Andrew Zisserman. Very deep convo- work for rgb-t tracking. arXiv preprint arXiv:2103.07302, lutional networks for large-scale image recognition. arXiv
68	Bridging search region interaction with template for RGB-T tracking	CCF-A	[17] Bo Li, Wei Wu, Qiang Wang, Fangyi Zhang, Junliang Xing, [35] Zhengzheng Tu, Chun Lin, Wei Zhao, Chenglong Li, and Jin and Junjie Yan. Siamrpn++: Evolution of siamese visual Tang. M 5 l: Multi-modal multi-margin metric learning for tracking with very deep networks. In CVPR, 2019. 2 rgbt tracking. TIP, 2021. 6 13638
68	Bridging search region interaction with template for RGB-T tracking	CAS-Q1	[45] Pengyu Zhang, Dong Wang, Huchuan Lu, and Xiaoyun Yang. Learning adaptive attribute-driven representation for real-time rgb-t tracking. IJCV, 2021. 6
68	Bridging search region interaction with template for RGB-T tracking	CAS-Q2	[47] Tianlu Zhang, Xueru Liu, Qiang Zhang, and Jungong Han. Siamcda: Complementarity-and distractor-aware rgb-t track- ing based on siamese network. TCSVT, 2021. 3, 6
68	Bridging search region interaction with template for RGB-T tracking	CCF-A	[49] Yabin Zhu, Chenglong Li, Bin Luo, Jin Tang, and Xiao Wang. Dense feature aggregation and pruning for rgbt track- ing. In ACM MM, 2019. 2, 3, 6
86	Prompting for multi-modal tracking	CAS-Q1	[1] Mahdi Abavisani, Hamid Reza Vaezi Joze, 以及 Luc Van Gool。一种用于鲁棒多人跟踪的移动视觉系统。发 [1] Mahdi Abavisani, Hamid Reza Vaezi Joze, and Vishal M Van Gool. A mobile vision system for robust multi-person tracking. In 2008 IEEE Conference on Computer Vision and Vishal M Patel. 通过多模态训练提升单模态动态手势识别性能。 表于2008年IEEE计算机视觉与模式识别会议，第1‑8页， Patel. Improving the performance of unimodal dynamic hand- Pattern Recognition, pages 1–8, 2008. 6 收录于 IEEE/CVF计算机视觉与模式识别会议论文集，第1165– 2008年。6[15] Matteo Fabbri、Guillem Brasó、 gesture recognition with multimodal training. In Proceedings
86	Prompting for multi-modal tracking	CAS-Q1	[52] ShiJie Sun、Naveed Akhtar、HuanSheng Song、 [65] 宋岩、杨金宇、Jani Käpylä、郑锋、Aleš Leonardis [52] ShiJie Sun, Naveed Akhtar, HuanSheng Song, Ajmal Mian, [65] Song Yan, Jinyu Yang, Jani Käpylä, Feng Zheng, Aleš Ajmal Mian 和 Mubarak Shah。 用于多目标跟踪的深度亲 和 Joni‑Kristian Kämäräinen。DepthTrack：揭示 and Mubarak Shah. Deep affinity network for multiple object Leonardis, and Joni-Kristian Kämäräinen. Depthtrack: Un- tracking. IEEE transactions on pattern analysis and machine veiling the power of rgbd tracking. In Proceedings of the 和网络。 IEEE模式分析与机器智能汇刊，第43卷，第1期： RGB‑D跟踪的力量。载于IEEE/CVF国际计算机视觉会议论 intelligence, 43(1):104–119, 2019. 2 IEEE/CVF International Conference on Computer Vision, 104–119页，2019年。 2[53] Yuxiang Sun、Weixun Zuo 文集，第10725–10733页，2021年。2[66] 叶芒、沈建兵、林 pages 10725–10733, 2021. 2
94	Mirnet: A robust RGBT tracking jointly with multi-modal interaction and refinement	CCF-A	"[1] C. Li, X. Liang, Y. Lu, N. Zhao, and J. Tang, ""Rgb-t formance visual tracking with siamese region proposal object tracking: Benchmark and baseline,"" PR, 2019. network,"" in CVPR, 2018."
94	Mirnet: A robust RGBT tracking jointly with multi-modal interaction and refinement	CCF-A	"[2] C. Li, C. Zhu, Y. Huang, J. Tang, and L. Wang, ""Cross- [16] G. Zhu, F. Porikli, and H. Li, ""Beyond local search: modal ranking with soft consistency and noisy labels for Tracking objects everywhere with instance-specific pro- robust rgb-t tracking,"" in ECCV, 2018. posals,"" in CVPR, 2016."
94	Mirnet: A robust RGBT tracking jointly with multi-modal interaction and refinement	CAS-Q1	"[3] C. Li, Z. Xiang, J. Tang, B. Luo, and F. Wang, ""Rgbt [17] J.Y. Bouguet, ""Pyramidal implementation of the affine tracking via noise-robust cross-modal ranking,"" TNNLS, lucas kanade feature tracker description of the algo-"
94	Mirnet: A robust RGBT tracking jointly with multi-modal interaction and refinement	CCF-B	"[4] A. Lu, C. Li, Y. Yan, J. Tang, and B. Luo, ""Rgbt tracking [18] I. Jung, J. Son, M. Baek, and B. Han, ""Real-time md- via multi-adapter network with hierarchical divergence net,"" in ECCV, 2018. loss,"" TIP, 2021. [19] L. Zhang, M. Danelljan, A. Gonzalez-Garcia, J. van de"
94	Mirnet: A robust RGBT tracking jointly with multi-modal interaction and refinement	CCF-A	"[22] I. Loshchilov and F. Hutter, ""Decoupled weight decay aware rgbt tracking,"" in ECCV, 2020. regularization,"" in ICLR, 2018."
100	Challenge-aware RGBT tracking	CAS-Q2	7. Li, C., Wu, X., Zhao, N., Cao, X., Tang, J.: Fusing two-stream convolutional neural networks for rgb-t object tracking. Neurocomputing 281, 78–85 (2018)
100	Challenge-aware RGBT tracking	CAS-Q2	8. Li, C., Zhao, N., Lu, Y., Zhu, C., Tang, J.: Weighted sparse representation regular- ized graph learning for rgb-t object tracking. In: Proceedings of ACM International Conference on Multimedia (2017)
100	Challenge-aware RGBT tracking	CAS-Q2	17. Zhu, Y., Li, C., Luo, B., Tang, J., Wang, X.: Dense feature aggregation and prun- ing for rgbt tracking. In: Proceedings of the ACM International Conference on Multimedia (2019)
106	Weighted sparse representation regularized graph learning for RGB-T object tracking	CCF-A	[2] S. Boyd, N. Parikh, E. Chu, B. Peleato, and J. Eckstein. 2011. Distributed Opti- Visual Tracking. In Proceedings of the Thirty-First AAAI Conference on Artificial mization and Statistical Learning via the Alternating Direction Method of Mul- Intelligence, February 4-9, 2017, San Francisco, California, USA. 4126–4132. tipliers. Foundations and Trends in Machine Learning 3, 1 (2011), 1–122. [30] C. Li, X. Sun, X. Wang, L. Zhang, and J. Tang. 2017. Grayscale-thermal Object
106	Weighted sparse representation regularized graph learning for RGB-T object tracking	CAS-Q2	[4] D. Comaniciu, V. Ramesh, and P. Meer. 2003. Kernel-based object tracking. IEEE Low-rank Decomposition for Robust Grayscale-Thermal Foreground Detection. Transactions on Pattern Analysis and Machine Intelligence (2003). IEEE Transactions on Circuits and Systems for Video Technology (2016).
106	Weighted sparse representation regularized graph learning for RGB-T object tracking	CAS-Q1	[5] C. O. Conaire, N. Connor, and A. Smeaton. 2007. Thermo-visual feature fusion [32] P. Liang, E. Blasch, and H. Ling. 2015. Encoding color information for visual for object tracking using multiple spatiogram trackers. Machine Vision and Ap- tracking: Algorithms and benchmark. IEEE Transactions on Image Processing 24, plications 7 (2007), 1–12. 12 (2015), 5630–5644.
106	Weighted sparse representation regularized graph learning for RGB-T object tracking	CAS-Q1	[6] C. O Conaire, N. E. Connor, E. Cooke, and A. F. Smeaton. 2006. Comparison of [33] G. Liu, Z. Lin, S. Yan, J. Sun, Y. Yu, and Y. Ma. 2013. Robust Recovery of Subspace fusion methods for thermo-visual surveillance tracking. In Proceedings of Inter- Structures by Low-Rank Representation. IEEE Transactions on Pattern Analysis national Conference on Information Fusion. and Machine Intelligence 35, 1 (2013), 171–184.
106	Weighted sparse representation regularized graph learning for RGB-T object tracking	CAS-Q1	[7] N. Cvejic, S. G. Nikolov, H. D. Knowles, A. Loza, A. Achim, D. R. Bull, and C. N. [34] H. Liu and F. Sun. 2012. Fusion tracking in color and infrared images using joint Canagarajah. 2007. The effect of pixel-level fusion on object tracking in multi- sparse representation. Information Sciences 55, 3 (2012), 590–599. sensor surveillance video. In Proceedings of IEEE Conference on Computer Vision [35] C. Ma, X. Yang, C. Zhang, and M.-H. Yang. 2015. Long-term Correlation Track- and Pattern Recognition. ing. In Proceedings of IEEE Conference on Computer Vision and Pattern Recogni-
106	Weighted sparse representation regularized graph learning for RGB-T object tracking	CAS-Q1	[20] S. Hwang, J. Park, and N. et al. Kim. 2015. Multispectral Pedestrian Detection: In Proceedings of the SIAM International Conference on Data Mining. Benchmark Dataset and Baseline. In Proceedings of IEEE Conference on Computer [48] F. Yang, H. Lu, and M.-H. Yang. 2014. Robust Superpixel Tracking. IEEE Trans- Vision and Pattern Recognition. actions on Image Processing 23, 4 (2014), 1639–1651.
